,colony,treatment,week,date,exp_date,bees_sum_perweek,comb_sum_perweek,first_comb_frame,bees_percombcm2,combcm2_perbee,nframes_with_comb,avg_comb_perframe,initial_region,nestarea_seasontotal,prop_area_seasontotal,days_since_last_insp,nestheight,nestwidth,nestaspecthw,nestdepth,nestarea,nestareagrowth,nestcentX,nestcentY,nestcentZ,nestheightperc,nestwidthperc,nestdepthperc,nestareaperc,initialN,initialE,initialQ,initialQl,bees_sumgrowth,nframes_growth,Weight_Day_Mean,Weight_Gain,Temp_Day_Mean,Temp_Week_Mean,Temp_OO_Mean,Amb_Temp_Day_Mean,Amb_Temp_Day_Min,Amb_Temp_Day_Max,Amb_Temp_Day_Diff,Precip_Day_Ttl,Cloud_Cover_Mean,Wind_Mean,Nest_Amb_Diff,Nest_Amb_Diff_Mean,Nest_Amb_Diff_Min,Nest_Amb_Diff_Max,Gram_perBee
0,DD1,DD,0,0,0,10700.0,0.0,0.0,0.0,0.0,0.0,0.0,0,,,0.0,0.0,0.0,0.0,0.0,0.0,0.0,0.0,0.0,0.0,0.0,0.0,0.0,0.0,,,,,10700.0,0.0,1.8864323507180645,0.0,15.57222222222222,22.826561622255745,-17.75777777777778,0.0,0.0,0.0,0.0,0.0,0.0,0.0,0.0,0.0,0.0,0.0,0.1813877260305831
1,DD1,DD,1,20210412,8,4600.0,1687.5,9.0,0.0,0.0,6.0,281.25,3,8187.5,0.2061068702290076,8.0,19.689324960753535,22.39576138147567,0.9956392096700922,6.0,1827.6836217650934,1827.6836217650934,509.3333333333333,124.66666666666667,7.625437572928821,0.9651629882722321,0.5196232339089483,0.6,0.20787084547621737,0.0,0.0,4.0,SW,-6500.0,-4.0,5.915289925494006,4.028857574775942,27.78275862068966,30.840684665156957,-5.547241379310342,0.0,0.0,0.0,0.0,0.0,0.0,0.0,0.0,0.0,0.0,0.0,1.285932592498697
2,DD1,DD,2,20210419,15,5700.0,2750.0,9.0,0.0,0.0,8.0,343.75,3,8187.5,0.3358778625954198,7.0,19.892307692307696,29.635478806907383,0.8067660083622098,8.0,2981.746764316644,1154.0631425515508,473.25,117.375,7.083834453484259,0.975113122171946,0.6875981161695448,0.8,0.33912774263189166,0.0,0.0,4.0,SW,1100.0,2.0,2.5880574452003016,-3.3272324802937048,32.24011111111109,30.210455895768263,-1.3923222222222216,0.0,0.0,0.0,0.0,0.0,0.0,0.0,0.0,0.0,0.0,0.0,0.4540451658246143
3,DD1,DD,3,20210426,22,4700.0,3650.0,9.0,0.0,0.0,9.0,405.55555555555554,3,8187.5,0.4458015267175572,7.0,20.0276295133438,33.35682888540032,0.6972559229592294,9.0,3777.041295959032,795.2945316423879,455.3333333333333,116.11111111111111,6.639112343966713,0.981746544771755,0.7739403453689169,0.9,0.4295802392929157,0.0,0.0,4.0,SW,-1000.0,1.0,3.571079713936856,0.9830222687365544,26.002222222222223,30.373223955896293,-7.327777777777776,0.0,0.0,0.0,0.0,0.0,0.0,0.0,0.0,0.0,0.0,0.0,0.7598041944546502
4,DD1,DD,4,20210502,28,6800.0,4725.0,9.0,0.0,0.0,9.0,525.0,3,8187.5,0.5770992366412214,6.0,20.16295133437991,39.24332810047096,0.590981118871862,9.0,4957.551537648269,1180.5102416892373,415.3333333333333,127.55555555555556,6.349709691826708,0.9883799673715642,0.9105180533751963,0.9,0.5638450863982837,0.0,0.0,4.0,SW,2100.0,0.0,4.733938019652304,1.162858305715448,30.155092592592595,30.373223955896293,-3.62824074074074,0.0,0.0,0.0,0.0,0.0,0.0,0.0,0.0,0.0,0.0,0.0,0.6961673558312212
5,DD1,DD,5,20210508,34,10700.0,6262.5,9.0,336.8421052631579,0.00296875,10.0,626.25,3,8187.5,0.7648854961832061,6.0,19.959968602825747,43.1,0.5538606261704315,10.0,6377.074519320108,1419.5229816718386,384.6,133.0,5.864688856729378,0.9784298334718504,1.0,1.0,0.72529394924254,0.0,0.0,4.0,SW,3900.0,1.0,6.049130763416478,1.3151927437641744,25.996296296296304,30.540440494886845,-7.3337037037037,0.0,0.0,0.0,0.0,0.0,0.0,0.0,0.0,0.0,0.0,0.0,0.565339323683783
6,DD1,DD,6,20210517,43,8300.0,7625.0,9.0,133.33333333333334,0.0075,10.0,762.5,3,8187.5,0.931297709923664,9.0,20.230612244897962,43.1,0.4729119253477906,10.0,7872.505299295906,1495.4307799757987,334.1,142.7,5.530429212043562,0.9916966786714688,1.0,1.0,0.8953761543259982,0.0,0.0,4.0,SW,-2400.0,0.0,7.147770219198789,1.098639455782311,34.59440836940836,32.81483491285359,-0.5578066378066364,0.0,0.0,0.0,0.0,0.0,0.0,0.0,0.0,0.0,0.0,0.0,0.8611771348432277
7,DD1,DD,7,20210524,50,10300.0,7812.5,9.0,112.0,0.0089285714285714,10.0,781.25,3,8187.5,0.9541984732824428,7.0,20.298273155416016,43.1,0.47178516928016734,10.0,7986.6897456681045,115.68602998257688,330.2,144.0,5.5114467408585055,0.9950133899713735,1.0,1.0,0.9083628754001302,0.0,0.0,4.0,SW,2000.0,0.0,7.286659108087679,0.13888888888888928,34.46020036429873,33.24599569799667,-0.3718897996357004,0.0,0.0,0.0,0.0,0.0,0.0,0.0,0.0,0.0,0.0,0.0,0.7074426318531727
8,DD1,DD,8,20210531,57,11200.0,7975.0,9.0,103.70370370370372,0.0096428571428571,10.0,797.5,3,8187.5,0.9740458015267176,7.0,20.365934065934066,43.1,0.4689032736703843,10.0,8096.0718712863745,116.36357380677146,328.3,144.8,5.513159968479117,0.9983301012712779,1.0,1.0,0.9208034064972448,0.0,0.0,4.0,SW,900.0,0.0,7.667800453514741,0.38114134542706246,32.28400673400674,32.3716940340145,-1.4217508417508415,0.0,0.0,0.0,0.0,0.0,0.0,0.0,0.0,0.0,0.0,0.0,0.6846250404923876
9,DD1,DD,9,20210608,65,7000.0,8150.0,9.0,72.72727272727273,0.01375,10.0,815.0,3,8187.5,0.9954198473282444,8.0,20.568916797488228,43.1,0.46983408260293025,10.0,8387.8094235883,302.11587560902956,320.3,147.2,5.498585795097423,1.0082802351709916,1.0,1.0,0.953984057093433,0.0,0.0,4.0,SW,-4200.0,0.0,9.639644746787605,1.9718442932728637,34.26634408602148,34.19713395717496,-0.4481146953405008,0.0,0.0,0.0,0.0,0.0,0.0,0.0,0.0,0.0,0.0,0.0,1.3770921066839434
10,DD1,DD,10,20210615,72,8500.0,8187.5,9.0,84.84848484848484,0.0117857142857142,10.0,818.75,3,8187.5,1.0,7.0,20.43359497645212,43.1,0.4684284796674777,10.0,8351.620342978396,1.8724015141621067,320.0,147.2,5.499057492931197,1.0016468125711824,1.0,1.0,0.9498681068853096,0.0,0.0,4.0,SW,1500.0,0.0,8.554043839758124,-1.0856009070294803,34.39246031746032,34.51155250284468,-0.4654535147392287,0.0,0.0,0.0,0.0,0.0,0.0,0.0,0.0,0.0,0.0,0.0,1.006358098795073
11,DD1,DD,11,20210623,80,12200.0,8125.0,9.0,145.45454545454547,0.006875,10.0,812.5,3,8187.5,0.9923664122137404,8.0,20.43359497645212,43.1,0.4688792759379581,10.0,8329.078276827458,1.4603816210703826,320.2,147.1,5.5007861635220126,1.0016468125711824,1.0,1.0,0.9473042942572516,0.0,0.0,4.0,SW,3700.0,0.0,7.87509448223734,-0.6789493575207848,31.597453703703696,34.264270435503185,-1.8428703703703695,0.0,0.0,0.0,0.0,0.0,0.0,0.0,0.0,0.0,0.0,0.0,0.6454995477243721
12,DD1,DD,12,20210706,87,9500.0,8187.5,9.0,157.57575757575756,0.0063461538461538,10.0,818.75,3,8187.5,1.0,7.0,20.365934065934066,43.1,0.46525287200241994,10.0,8278.596683926078,1.5885655878095122,320.8,146.4,5.501100975149418,0.9983301012712779,1.0,1.0,0.9415627910384057,0.0,0.0,4.0,SW,-2700.0,0.0,7.671201814058954,-0.20389266817838525,34.12239057239058,34.374595610441936,-0.2449046015712678,0.0,0.0,0.0,0.0,0.0,0.0,0.0,0.0,0.0,0.0,0.0,0.8074949277956794
13,DD2,DD,0,0,0,10700.0,0.0,0.0,0.0,0.0,0.0,0.0,0,,,0.0,0.0,0.0,0.0,0.0,0.0,0.0,0.0,0.0,0.0,0.0,0.0,0.0,0.0,,,,,10700.0,0.0,2.68915343915344,0.0,16.111805555555552,19.85768079501916,-17.356944444444448,0.0,0.0,0.0,0.0,0.0,0.0,0.0,0.0,0.0,0.0,0.0,0.2585724460724461
14,DD2,DD,1,20210412,8,6300.0,1737.5,9.0,0.0,0.0,6.0,289.5833333333333,3,7750.0,0.2241935483870967,8.0,19.689324960753535,24.019623233908952,0.9667517819592634,6.0,1955.167154686534,1955.167154686534,144.83333333333334,124.5,7.828029034059185,0.9651629882722321,0.5572998430141288,0.6,0.2223701326926134,0.0,1.0,3.0,SE,6300.0,6.0,6.763920382968003,4.074766943814563,28.11785714285714,30.966989774754456,-5.212142857142855,0.0,0.0,0.0,0.0,0.0,0.0,0.0,0.0,0.0,0.0,0.0,1.073638156026667
15,DD2,DD,2,20210419,15,6000.0,3087.5,9.0,0.0,0.0,8.0,385.9375,3,7750.0,0.3983870967741935,7.0,19.892307692307696,32.47723704866562,0.7395375191819055,8.0,3522.7059939522255,1567.5388392656914,184.25,126.75,7.047314578005115,0.975113122171946,0.7535321821036107,0.8,0.4006535182603414,0.0,1.0,3.0,SE,-300.0,2.0,3.2743764172335617,-3.489543965734441,32.63771043771043,29.958051898202147,-1.545173961840628,0.0,0.0,0.0,0.0,0.0,0.0,0.0,0.0,0.0,0.0,0.0,0.5457294028722603
16,DD2,DD,3,20210426,22,5400.0,4200.0,9.0,0.0,0.0,9.0,466.6666666666667,3,7750.0,0.5419354838709678,7.0,20.095290423861854,36.94285714285715,0.6553142348416133,9.0,4547.266706106185,1024.560712153959,211.55555555555554,124.88888888888889,6.632734530938124,0.9850632560716596,0.8571428571428573,0.9,0.5171815097250108,0.0,1.0,3.0,SE,-600.0,1.0,4.577882435025293,1.3035060177917313,26.65918803418803,30.91980576645363,-6.6880341880341865,0.0,0.0,0.0,0.0,0.0,0.0,0.0,0.0,0.0,0.0,0.0,0.8477560064861653
17,DD2,DD,4,20210502,28,8300.0,5325.0,9.0,800.0,0.00125,10.0,532.5,3,7750.0,0.6870967741935484,6.0,20.0276295133438,42.49105180533753,0.611427889795966,10.0,5593.801812558378,1046.5351064521935,233.0,120.6,6.355689828801611,0.981746544771755,0.9858712715855574,1.0,0.636208749892905,0.0,1.0,3.0,SE,2900.0,1.0,6.058767951625096,1.4808855165998027,34.354401154401124,31.672321495753927,-0.6141269841269837,0.0,0.0,0.0,0.0,0.0,0.0,0.0,0.0,0.0,0.0,0.0,0.7299720423644693
18,DD2,DD,5,20210508,34,12000.0,6462.5,9.0,342.85714285714283,0.0029166666666666,10.0,646.25,3,7750.0,0.8338709677419355,6.0,20.0276295133438,43.1,0.47580209932644657,10.0,6600.201603424611,1006.3997908662328,271.4,127.1,5.84163973464875,0.981746544771755,1.0,1.0,0.7506712164397219,0.0,1.0,3.0,SE,3700.0,0.0,7.416855631141346,1.3580876795162506,27.074074074074066,31.672321495753927,-6.25837962962963,0.0,0.0,0.0,0.0,0.0,0.0,0.0,0.0,0.0,0.0,0.0,0.6180713025951121
19,DD2,DD,6,20210517,43,9900.0,7425.0,9.0,133.33333333333334,0.0075,10.0,742.5,3,7750.0,0.9580645161290322,9.0,20.16295133437991,43.1,0.46999570038696514,10.0,7623.910807799514,1023.7092043749034,298.7,138.0,5.620406189555125,0.9883799673715642,1.0,1.0,0.8671023620171414,0.0,1.0,3.0,SE,-2100.0,0.0,9.10071806500378,1.6838624338624344,34.147912652536924,32.65894924555466,-0.4445793192035965,0.0,0.0,0.0,0.0,0.0,0.0,0.0,0.0,0.0,0.0,0.0,0.9192644510104828
20,DD2,DD,7,20210524,50,12000.0,7587.5,9.0,164.7058823529412,0.0060714285714285,10.0,758.75,3,7750.0,0.979032258064516,7.0,20.16295133437991,43.1,0.4688013667005264,10.0,7693.189663823508,75.73841234791252,300.9,139.3,5.616685456595265,0.9883799673715642,1.0,1.0,0.8749817642308708,0.0,1.0,3.0,SE,2100.0,0.0,9.023809523809524,-0.07690854119425694,33.9036398467433,33.4153686764231,-0.3957982120051078,0.0,0.0,0.0,0.0,0.0,0.0,0.0,0.0,0.0,0.0,0.0,0.7519841269841269
21,DD2,DD,8,20210531,57,11500.0,7637.5,9.0,141.1764705882353,0.0070833333333333,10.0,763.75,3,7750.0,0.985483870967742,7.0,20.230612244897962,43.1,0.46901145073413986,10.0,7723.766117889738,36.8895144281592,301.6,139.8,5.616685456595265,0.9916966786714688,1.0,1.0,0.8784593646660455,0.0,1.0,3.0,SE,-500.0,0.0,9.089380196523056,0.06557067271353212,32.95067340067339,32.925817604221244,-1.078978675645342,0.0,0.0,0.0,0.0,0.0,0.0,0.0,0.0,0.0,0.0,0.0,0.7903808866541788
22,DD2,DD,9,20210608,65,8000.0,7750.0,9.0,94.11764705882354,0.010625,10.0,775.0,3,7750.0,1.0,8.0,20.298273155416016,43.1,0.469244035642426,10.0,7846.712853988356,123.70668390143186,304.3,140.9,5.601123595505618,0.9950133899713735,1.0,1.0,0.8924426611605882,0.0,1.0,3.0,SE,-3500.0,0.0,11.525132275132274,2.4357520786092177,34.273469387755114,33.979177042586194,-0.2829365079365077,0.0,0.0,0.0,0.0,0.0,0.0,0.0,0.0,0.0,0.0,0.0,1.4406415343915342
23,DD2,DD,10,20210615,72,8900.0,7700.0,9.0,117.6470588235294,0.0085,10.0,770.0,3,7750.0,0.9935483870967742,7.0,20.230612244897962,43.1,0.4683966635773865,10.0,7847.6238757519695,11.651006976875976,304.1,141.0,5.600385170919596,0.9916966786714688,1.0,1.0,0.8925462758464093,0.0,1.0,3.0,SE,900.0,0.0,10.130763416477702,-1.3943688586545715,35.8190188172043,34.48740870165018,0.0073118279569904,0.0,0.0,0.0,0.0,0.0,0.0,0.0,0.0,0.0,0.0,0.0,1.1382880243233373
24,DD2,DD,11,20210623,80,10900.0,7600.0,9.0,70.58823529411765,0.0141666666666666,10.0,760.0,3,7750.0,0.9806451612903224,8.0,20.365934065934066,43.1,0.4702684458398744,10.0,7846.328302088136,11.733410955494492,304.4,141.3,5.598909032568587,0.9983301012712779,1.0,1.0,0.8923989243082817,0.0,1.0,3.0,SE,2000.0,0.0,8.930650037792896,-1.2001133786848062,31.631481481481483,33.47879682386763,-1.7193981481481473,0.0,0.0,0.0,0.0,0.0,0.0,0.0,0.0,0.0,0.0,0.0,0.8193256915406326
25,DD2,DD,12,20210706,87,8500.0,7675.0,9.0,94.11764705882354,0.010625,10.0,767.5,3,7750.0,0.9903225806451612,7.0,20.095290423861854,43.1,0.46559645174103015,10.0,7790.353110612198,0.0,304.1,140.6,5.600385170919596,0.9850632560716596,1.0,1.0,0.8860326089136298,0.0,1.0,3.0,SE,-2400.0,0.0,7.666666666666669,-1.2639833711262272,32.471296296296295,34.36026994829732,-1.0540277777777762,0.0,0.0,0.0,0.0,0.0,0.0,0.0,0.0,0.0,0.0,0.0,0.9019607843137256
26,DD4,DD,0,0,0,10700.0,0.0,0.0,0.0,0.0,0.0,0.0,0,,,0.0,0.0,0.0,0.0,0.0,0.0,0.0,0.0,0.0,0.0,0.0,0.0,0.0,0.0,,,,,10700.0,0.0,2.024565381708239,0.0,29.862457912457906,31.063006235077285,-4.215723905723905,0.0,0.0,0.0,0.0,0.0,0.0,0.0,0.0,0.0,0.0,0.0,0.1946697482411768
27,DD4,DD,1,20210412,8,4300.0,1300.0,10.0,0.0,0.0,5.0,260.0,3,7275.0,0.1786941580756013,8.0,19.554003139717427,31.191679748822608,0.979674428401616,5.0,1366.395305457046,1366.395305457046,292.6,101.8,8.701165181631254,0.958529565672423,0.7237048665620095,0.5,0.15540640842739709,0.0,1.0,3.0,SE,4300.0,5.0,5.845804988662133,3.8212396069538936,28.508666666666667,31.12176157896108,-4.910444444444442,0.0,0.0,0.0,0.0,0.0,0.0,0.0,0.0,0.0,0.0,0.0,1.3594895322470075
28,DD4,DD,2,20210419,15,4600.0,2225.0,10.0,0.0,0.0,6.0,370.8333333333333,3,7275.0,0.3058419243986254,7.0,19.689324960753535,37.281161695447416,0.6684534718740652,6.0,2429.2921796637993,1062.8968742067534,287.5,108.83333333333333,8.077665995975856,0.9651629882722321,0.8649921507064365,0.6,0.2762945475255675,0.0,1.0,3.0,SE,300.0,1.0,1.5001889644746793,-4.3456160241874535,34.39540229885055,31.12176157896108,-0.8232120051085564,0.0,0.0,0.0,0.0,0.0,0.0,0.0,0.0,0.0,0.0,0.0,0.3261280357553651
29,DD4,DD,3,20210426,22,4500.0,2775.0,10.0,0.0,0.0,6.0,462.5,3,7275.0,0.3814432989690721,7.0,19.554003139717427,39.24332810047096,0.567320799749637,6.0,2955.917695018595,526.6255153547957,286.3333333333333,117.33333333333333,7.853374443302501,0.958529565672423,0.9105180533751963,0.6,0.33619008405197615,0.0,1.0,3.0,SE,-100.0,0.0,2.659863945578232,1.1596749811035525,26.54282407407408,30.67104320843976,-6.81671296296296,0.0,0.0,0.0,0.0,0.0,0.0,0.0,0.0,0.0,0.0,0.0,0.5910808767951625
30,DD4,DD,4,20210502,28,6300.0,3562.5,10.0,0.0,0.0,6.0,593.75,3,7275.0,0.4896907216494845,6.0,19.75698587127159,43.03233908948195,0.4994271649684192,6.0,3677.652941747646,721.7352467290509,287.0,124.66666666666667,7.799402092675635,0.9684796995721368,0.9984301412872842,0.6,0.4182763456789552,0.0,1.0,3.0,SE,1800.0,0.0,3.368669690098262,0.70880574452003,33.96384071933203,32.74116002896187,-0.5490751445086701,0.0,0.0,0.0,0.0,0.0,0.0,0.0,0.0,0.0,0.0,0.0,0.5347094746187717
31,DD4,DD,5,20210508,34,7900.0,4615.0,10.0,0.0,0.0,8.0,576.875,3,7275.0,0.6343642611683848,6.0,19.75698587127159,43.1,0.6773956510101831,8.0,4741.712627652681,1064.0596859050345,284.875,116.25,7.276202219482121,0.9684796995721368,1.0,0.8,0.5392967366876713,0.0,1.0,3.0,SE,1600.0,2.0,4.545540438397581,1.1768707482993195,27.299768518518523,32.44850129686953,-6.030231481481479,0.0,0.0,0.0,0.0,0.0,0.0,0.0,0.0,0.0,0.0,0.0,0.575384865619947
32,DD4,DD,6,20210517,43,7100.0,5787.5,10.0,0.0,0.0,8.0,723.4375,3,7275.0,0.7955326460481099,9.0,19.959968602825747,43.1,0.4774217423704694,8.0,5953.399041252537,1211.6864135998567,304.625,138.125,6.672930002064835,0.9784298334718504,1.0,0.8,0.6771073928907394,0.0,1.0,3.0,SE,-800.0,0.0,4.8131141345427055,0.2675736961451243,34.411993464052266,34.382092771267935,-0.3902483660130713,0.0,0.0,0.0,0.0,0.0,0.0,0.0,0.0,0.0,0.0,0.0,0.677903399231367
33,DD4,DD,7,20210524,50,8700.0,6012.5,10.0,0.0,0.0,9.0,668.0555555555555,3,7275.0,0.8264604810996563,7.0,20.0276295133438,43.1,0.5386639599488856,9.0,6150.545982098191,205.89091857682604,295.55555555555554,130.88888888888889,6.4956538917423945,0.981746544771755,1.0,0.9,0.6995298191731714,0.0,1.0,3.0,SE,1600.0,1.0,4.64493575207861,-0.16817838246409522,35.90605095541406,35.067579240877485,0.2530785562632711,0.0,0.0,0.0,0.0,0.0,0.0,0.0,0.0,0.0,0.0,0.0,0.533900661158461
34,DD4,DD,8,20210531,57,8800.0,6212.5,10.0,0.0,0.0,9.0,690.2777777777778,3,7275.0,0.8539518900343642,7.0,19.959968602825747,43.1,0.5023158350007785,9.0,6341.695744499952,209.9424475255626,300.22222222222223,133.22222222222223,6.354524627720504,0.9784298334718504,1.0,0.9,0.7212701588303481,0.0,1.0,3.0,SE,100.0,0.0,4.985449735449736,0.3405139833711255,34.71018518518519,33.92418874005907,-0.3560472541507012,0.0,0.0,0.0,0.0,0.0,0.0,0.0,0.0,0.0,0.0,0.0,0.5665283790283792
35,DD4,DD,9,20210608,65,9300.0,7125.0,10.0,200.0,0.005,10.0,712.5,3,7275.0,0.979381443298969,8.0,20.365934065934066,43.1,0.654116666233896,10.0,7163.23136533348,822.2223206553481,302.0,138.7,6.025383395029085,0.9983301012712779,1.0,1.0,0.814707174984473,0.0,1.0,3.0,SE,500.0,1.0,6.210506424792139,1.225056689342403,35.56838913148956,34.907831971230486,0.0116351285783614,0.0,0.0,0.0,0.0,0.0,0.0,0.0,0.0,0.0,0.0,0.0,0.6677963897625956
36,DD4,DD,10,20210615,72,11500.0,7275.0,10.0,80.0,0.0125,10.0,727.5,3,7275.0,1.0,7.0,20.230612244897962,43.1,0.5588276376372502,11.0,7361.092473993826,200.35154001414648,347.2,94.25,5.880622541474261,0.9916966786714688,1.0,1.0,0.8372108268497597,0.0,1.0,3.0,SE,2200.0,0.0,6.020408163265306,-0.19009826152683296,34.40061014771997,34.907831971230486,-0.180378933847141,0.0,0.0,0.0,0.0,0.0,0.0,0.0,0.0,0.0,0.0,0.0,0.5235137533274179
37,DD4,DD,11,20210623,80,8700.0,7150.0,10.0,200.0,0.005,10.0,715.0,3,7275.0,0.9828178694158076,8.0,20.095290423861854,43.1,0.5455551222573594,11.0,7355.727059386008,11.275611074280942,346.0,91.25,5.873205741626794,0.9850632560716596,1.0,1.0,0.8366005936247223,0.0,1.0,3.0,SE,-2800.0,0.0,5.928949357520785,-0.09145880574452114,34.37000642260758,33.739789480231096,-0.341682723185613,0.0,0.0,0.0,0.0,0.0,0.0,0.0,0.0,0.0,0.0,0.0,0.6814884318989407
38,DD4,DD,12,20210706,87,8800.0,7275.0,10.0,72.72727272727273,0.01375,10.0,727.5,3,7275.0,1.0,7.0,15.764992150706439,43.1,0.3807115404758089,10.0,5921.380517560486,0.47153387764953436,294.9,105.6,5.773371104815864,0.7727937328777666,1.0,1.0,0.6734657792594156,0.0,1.0,3.0,SE,100.0,0.0,5.6613756613756605,-0.2675736961451243,34.694859514687096,34.18587169917243,-0.1389846743295018,0.0,0.0,0.0,0.0,0.0,0.0,0.0,0.0,0.0,0.0,0.0,0.6433381433381432
39,DD5,DD,0,0,0,10700.0,0.0,0.0,0.0,0.0,0.0,0.0,0,,,0.0,0.0,0.0,0.0,0.0,0.0,0.0,0.0,0.0,0.0,0.0,0.0,0.0,0.0,,,,,10700.0,0.0,2.522108843537415,0.0,29.006790123456792,28.1635152397298,-4.629887766554433,0.0,0.0,0.0,0.0,0.0,0.0,0.0,0.0,0.0,0.0,0.0,0.2425104657247514
40,DD5,DD,1,20210412,8,5000.0,1475.0,9.0,0.0,0.0,6.0,245.83333333333331,3,7875.0,0.1873015873015873,8.0,19.689324960753535,23.478335949764524,0.9292359459008499,6.0,1695.6678700196421,1695.6678700196421,133.83333333333334,107.0,8.1205047318612,0.9651629882722321,0.5447409733124019,0.6,0.1928560882147812,0.0,1.0,3.0,SE,5000.0,6.0,5.657272432782635,3.1351635892452205,28.037242798353912,30.80794542366125,-5.3234567901234575,0.0,0.0,0.0,0.0,0.0,0.0,0.0,0.0,0.0,0.0,0.0,1.131454486556527
41,DD5,DD,2,20210419,15,4300.0,2175.0,9.0,0.0,0.0,7.0,310.7142857142857,3,7875.0,0.2761904761904762,7.0,19.824646781789642,27.470329670329672,0.7967808293857276,7.0,2573.6959961948805,878.0281261752382,166.0,122.0,7.4044665012406945,0.9717964108720414,0.6373626373626374,0.7,0.29271825624344666,0.0,1.0,3.0,SE,-700.0,1.0,2.2747543461829176,-3.3825180865997178,28.74375,30.11864347492182,-4.925370370370371,0.0,0.0,0.0,0.0,0.0,0.0,0.0,0.0,0.0,0.0,0.0,0.5290126386471902
42,DD5,DD,3,20210426,22,4200.0,2675.0,9.0,0.0,0.0,7.0,382.1428571428572,3,7875.0,0.3396825396825397,7.0,19.892307692307696,30.78571428571429,0.7141256710830992,7.0,2900.9267732872654,327.23077709238515,181.42857142857142,121.42857142857143,7.333455612619222,0.975113122171946,0.7142857142857143,0.7,0.3299357141721561,0.0,1.0,3.0,SE,-100.0,0.0,2.789387755102041,0.5146334089191233,27.10222222222222,32.52932554536242,-6.253377777777774,0.0,0.0,0.0,0.0,0.0,0.0,0.0,0.0,0.0,0.0,0.0,0.6641399416909621
43,DD5,DD,4,20210502,28,6300.0,3275.0,9.0,0.0,0.0,8.0,409.375,3,7875.0,0.4158730158730159,6.0,19.959968602825747,35.45431711145997,0.6563270264645141,8.0,3617.5483953431644,716.6216220558988,195.875,118.5,7.029558091893474,0.9784298334718504,0.8226059654631084,0.8,0.41144037979882225,0.0,1.0,3.0,SE,2100.0,1.0,3.7974300831443686,1.0080423280423276,34.72873563218389,32.52932554536242,-0.4119923371647499,0.0,0.0,0.0,0.0,0.0,0.0,0.0,0.0,0.0,0.0,0.0,0.6027666798641854
44,DD5,DD,5,20210508,34,8100.0,4377.5,9.0,0.0,0.0,9.0,486.3888888888889,3,7875.0,0.5558730158730159,6.0,19.892307692307696,42.761695447409735,0.5436285733933719,9.0,4626.173093632092,1008.6246982889279,232.33333333333334,113.33333333333333,6.6837953572233495,0.975113122171946,0.9921507064364208,0.9,0.5261558952768405,0.0,1.0,3.0,SE,1800.0,1.0,5.501889644746787,1.7044595616024183,26.77083333333333,32.44362052941086,-6.559166666666665,0.0,0.0,0.0,0.0,0.0,0.0,0.0,0.0,0.0,0.0,0.0,0.6792456351539243
45,DD5,DD,6,20210517,43,6400.0,5825.0,9.0,200.0,0.005,10.0,582.5,3,7875.0,0.7396825396825397,9.0,19.959968602825747,43.1,0.49224047045865743,10.0,6132.4308407985845,1506.2577471664927,266.3,120.1,6.02843433445886,0.9784298334718504,1.0,1.0,0.6974695010234503,0.0,1.0,3.0,SE,-1700.0,1.0,7.628684807256235,2.126795162509448,35.250179211469536,32.47116356968483,-0.1826433691756251,0.0,0.0,0.0,0.0,0.0,0.0,0.0,0.0,0.0,0.0,0.0,1.1919820011337867
46,DD5,DD,7,20210524,50,8700.0,5962.5,9.0,114.28571428571428,0.00875,10.0,596.25,3,7875.0,0.7571428571428571,7.0,20.0276295133438,43.1,0.47924476917505066,10.0,6307.374487405398,174.94364660681316,272.9,122.2,5.934861907243356,0.981746544771755,1.0,1.0,0.7173666447619989,0.0,1.0,3.0,SE,2300.0,0.0,6.49659863945578,-1.1320861678004546,35.174265644955305,33.81704575540619,-0.1731162196679423,0.0,0.0,0.0,0.0,0.0,0.0,0.0,0.0,0.0,0.0,0.0,0.7467354757995149
47,DD5,DD,8,20210531,57,7700.0,6512.5,9.0,123.07692307692308,0.008125,10.0,651.25,3,7875.0,0.8269841269841269,7.0,20.0276295133438,43.1,0.4998983770179989,11.0,6731.704619303103,424.3301318977052,322.45,81.15,5.8438295705313195,0.981746544771755,1.0,1.0,0.7656276578980827,0.0,1.0,3.0,SE,-1000.0,0.0,8.016628873771728,1.5200302343159473,34.28153500321128,34.13530564457908,-0.4902440590879888,0.0,0.0,0.0,0.0,0.0,0.0,0.0,0.0,0.0,0.0,0.0,1.0411206329573672
48,DD5,DD,9,20210608,65,7100.0,7737.5,9.0,76.19047619047619,0.013125,10.0,773.75,3,7875.0,0.9825396825396824,8.0,20.43359497645212,43.1,0.4600129683980616,10.0,7883.149146534114,1151.4445272310113,313.8,139.9,5.527720739219713,1.0016468125711824,1.0,1.0,0.8965867279166229,0.0,1.0,3.0,SE,-600.0,0.0,9.929138321995463,1.9125094482237355,34.84185645272599,34.38351119226304,-0.1601449275362311,0.0,0.0,0.0,0.0,0.0,0.0,0.0,0.0,0.0,0.0,0.0,1.398470186196544
49,DD5,DD,10,20210615,72,13500.0,7787.5,9.0,150.0,0.0066666666666666,10.0,778.75,3,7875.0,0.9888888888888888,7.0,20.095290423861854,43.1,0.4606673689270246,10.0,8013.814388629987,132.23091768962172,315.5,142.1,5.516306916653537,0.9850632560716596,1.0,1.0,0.9114478855181734,0.0,1.0,3.0,SE,6400.0,0.0,9.816515495086923,-0.11262282690853986,36.038387978142055,34.70629298553878,-1.366120218460054e-05,0.0,0.0,0.0,0.0,0.0,0.0,0.0,0.0,0.0,0.0,0.0,0.7271492959323648
50,DD5,DD,11,20210623,80,9000.0,7762.5,9.0,130.2325581395349,0.0076785714285714,10.0,776.25,3,7875.0,0.9857142857142858,8.0,20.095290423861854,43.1,0.4604195196900364,10.0,7987.912071350943,0.6683878265710064,334.0,151.7,5.51844262295082,0.9850632560716596,1.0,1.0,0.908501896109247,0.0,1.0,3.0,SE,-4500.0,0.0,8.85185185185185,-0.9646636432350739,34.62661111111113,34.98312760398393,-0.3463666666666663,0.0,0.0,0.0,0.0,0.0,0.0,0.0,0.0,0.0,0.0,0.0,0.9835390946502054
51,DD5,DD,12,20210706,87,9400.0,7875.0,9.0,146.9387755102041,0.0068055555555555,10.0,787.5,3,7875.0,1.0,7.0,16.103296703296706,43.1,0.36357927786499217,10.0,6489.093572254166,0.0,314.6,110.6,5.5,0.7893772893772896,1.0,1.0,0.7380343901840415,0.0,1.0,3.0,SE,400.0,0.0,7.074263038548754,-1.7775888133030957,35.048372615039284,34.64336263984,-0.1817508417508413,0.0,0.0,0.0,0.0,0.0,0.0,0.0,0.0,0.0,0.0,0.0,0.7525811743136972
52,DD6,DD,0,0,0,10700.0,0.0,0.0,0.0,0.0,0.0,0.0,0,,,0.0,0.0,0.0,0.0,0.0,0.0,0.0,0.0,0.0,0.0,0.0,0.0,0.0,0.0,,,,,10700.0,0.0,2.984126984126985,0.0,29.775420875420867,20.964215067340064,-4.289326599326598,0.0,0.0,0.0,0.0,0.0,0.0,0.0,0.0,0.0,0.0,0.0,0.2869352869352871
53,DD6,DD,1,20210412,8,4200.0,1237.5,5.0,0.0,0.0,6.0,206.25,2,5412.5,0.2286374133949191,8.0,19.080376766091053,26.59073783359498,0.879105653326493,6.0,1309.0741823303413,1309.0741823303413,319.3333333333333,92.33333333333333,4.686761963952765,0.9353125865730909,0.6169544740973313,0.6,0.14888701404967258,1.0,0.0,2.0,NW,4200.0,6.0,6.127135298563871,3.1430083144368863,32.304380341880346,31.265466935621703,-1.4235683760683744,0.0,0.0,0.0,0.0,0.0,0.0,0.0,0.0,0.0,0.0,0.0,1.4588417377533027
54,DD6,DD,2,20210419,15,4300.0,1800.0,5.0,533.3333333333334,0.001875,8.0,225.0,2,5412.5,0.3325635103926097,7.0,19.554003139717427,29.364835164835167,0.8593475072178924,8.0,2101.530354709207,792.4561723788659,318.75,99.0,4.54933110367893,0.958529565672423,0.6813186813186813,0.8,0.2390166910865301,1.0,0.0,2.0,NW,100.0,2.0,1.8603552532123973,-4.266780045351474,35.51017983301222,33.11206875986607,-0.1185998715478464,0.0,0.0,0.0,0.0,0.0,0.0,0.0,0.0,0.0,0.0,0.0,0.4326407565610226
55,DD6,DD,3,20210426,22,4000.0,2087.5,5.0,266.6666666666667,0.00375,8.0,260.9375,2,5412.5,0.3856812933025404,7.0,19.554003139717427,29.906122448979595,0.8169963224042178,8.0,2479.064182749299,377.5338280400921,317.0,108.625,4.36578947368421,0.958529565672423,0.6938775510204082,0.8,0.2819553458383717,1.0,0.0,2.0,NW,-300.0,0.0,2.7120181405895702,0.851662887377173,33.842243867243845,32.76972642520695,-1.034076479076479,0.0,0.0,0.0,0.0,0.0,0.0,0.0,0.0,0.0,0.0,0.0,0.6780045351473926
56,DD6,DD,4,20210502,28,4600.0,2775.0,5.0,177.77777777777777,0.005625,8.0,346.875,2,5412.5,0.5127020785219399,6.0,19.689324960753535,33.83045525902669,0.665578341623382,8.0,3018.082340888536,539.0181581392368,315.75,110.125,4.283958205285803,0.9651629882722321,0.7849293563579278,0.8,0.3432603544980365,1.0,0.0,2.0,NW,600.0,0.0,3.159297052154196,0.44727891156462585,36.10146198830411,34.30439639498365,0.3969278752436669,0.0,0.0,0.0,0.0,0.0,0.0,0.0,0.0,0.0,0.0,0.0,0.6868037069900427
57,DD6,DD,5,20210508,34,5100.0,3487.5,5.0,123.07692307692308,0.008125,8.0,435.9375,2,5412.5,0.6443418013856813,6.0,19.554003139717427,39.85227629513344,0.5352419959407985,8.0,3731.792355699919,713.710014811383,307.25,110.75,4.229187314172448,0.958529565672423,0.924646781789639,0.8,0.4244338696715253,1.0,0.0,2.0,NW,500.0,0.0,3.944255479969767,0.784958427815571,32.52744107744107,33.96749433364687,-1.217721661054994,0.0,0.0,0.0,0.0,0.0,0.0,0.0,0.0,0.0,0.0,0.0,0.7733834274450524
58,DD6,DD,6,20210517,43,4100.0,4317.5,5.0,126.3157894736842,0.0079166666666666,9.0,479.72222222222223,2,5412.5,0.7976905311778291,9.0,19.959968602825747,42.761695447409735,0.4864289350218925,8.0,4529.146986807767,797.3546311078474,301.875,117.25,4.266961325966851,0.9784298334718504,0.9921507064364208,0.9,0.5151206708984767,1.0,0.0,2.0,NW,-1000.0,1.0,4.008881330309903,0.06462585034013557,35.49650726676042,35.02209463112906,0.0096905766526035,0.0,0.0,0.0,0.0,0.0,0.0,0.0,0.0,0.0,0.0,0.0,0.9777759342219275
59,DD6,DD,7,20210524,50,5500.0,4340.0,5.0,105.26315789473684,0.0095,9.0,482.22222222222223,2,5412.5,0.8018475750577367,7.0,19.824646781789642,42.694034536891685,0.5830687313616474,10.0,4566.169263201478,40.00255362040962,303.0,98.5,4.346756639094471,0.9717964108720414,0.9905808477237049,0.9,0.5193313842865973,1.0,0.0,2.0,NW,1400.0,0.0,3.862244897959185,-0.14663643235071788,36.57188405797102,35.806273516027154,0.5335845410628043,0.0,0.0,0.0,0.0,0.0,0.0,0.0,0.0,0.0,0.0,0.0,0.7022263450834881
60,DD6,DD,8,20210531,57,4900.0,4630.0,5.0,74.4186046511628,0.0134375,9.0,514.4444444444445,2,5412.5,0.8554272517321017,7.0,19.959968602825747,43.03233908948195,0.6119428265089452,9.0,4828.685449085564,267.4741585976251,301.77777777777777,111.22222222222223,4.311839551434117,0.9784298334718504,0.9984301412872842,0.9,0.5491885547843096,1.0,0.0,2.0,NW,-600.0,0.0,4.4332955404384,0.5710506424792152,35.31902937420178,35.806273516027154,-0.1621392081736891,0.0,0.0,0.0,0.0,0.0,0.0,0.0,0.0,0.0,0.0,0.0,0.904754191926204
61,DD6,DD,9,20210608,65,4600.0,5112.5,5.0,83.33333333333333,0.012,9.0,568.0555555555555,2,5412.5,0.9445727482678984,8.0,19.824646781789642,43.1,0.5043365152060056,9.0,5308.90836848059,480.222919395026,305.22222222222223,119.33333333333333,4.51323706377858,0.9717964108720414,1.0,0.9,0.6038065111324087,1.0,0.0,2.0,NW,-300.0,0.0,4.23941798941799,-0.19387755102041027,36.196835443037976,35.66315286978924,0.5956680731364298,0.0,0.0,0.0,0.0,0.0,0.0,0.0,0.0,0.0,0.0,0.0,0.9216126063952153
62,DD6,DD,10,20210615,72,5200.0,5075.0,5.0,109.80392156862744,0.0091071428571428,9.0,563.8888888888889,2,5412.5,0.9376443418013856,7.0,19.824646781789642,43.1,0.5058031513597707,9.0,5354.683778603098,45.77541012250755,305.55555555555554,119.33333333333333,4.522122122122122,0.9717964108720414,1.0,0.9,0.6090127585873139,1.0,0.0,2.0,NW,600.0,0.0,4.1007180650037816,-0.1386999244142082,37.70560035842294,36.18593094754594,1.6834184587813652,0.0,0.0,0.0,0.0,0.0,0.0,0.0,0.0,0.0,0.0,0.0,0.7885996278853427
63,DD6,DD,11,20210623,80,5100.0,4975.0,5.0,81.63265306122449,0.01225,9.0,552.7777777777778,2,5412.5,0.9191685912240184,8.0,19.689324960753535,42.9646781789639,0.5036792000543924,9.0,5352.655725129324,6.89446621107129,305.77777777777777,120.0,4.525715429257555,0.9651629882722321,0.9968602825745684,0.9,0.6087820987590788,1.0,0.0,2.0,NW,-100.0,0.0,3.766250944822375,-0.3344671201814067,34.26111111111109,34.765311103246695,-0.3230666666666657,0.0,0.0,0.0,0.0,0.0,0.0,0.0,0.0,0.0,0.0,0.0,0.7384805774161519
64,DD6,DD,12,20210706,87,4400.0,4925.0,5.0,64.0,0.015625,9.0,547.2222222222222,2,5412.5,0.9099307159353348,7.0,15.697331240188385,43.1,0.36217031493590546,9.0,4641.82069357196,2.032631472586644,299.22222222222223,97.66666666666667,4.64605991223049,0.769477021577862,1.0,0.9,0.5279355686242618,1.0,0.0,2.0,NW,-700.0,0.0,3.751889644746788,-0.01436130007558667,35.36136801541427,34.93763795475795,0.1621579961464373,0.0,0.0,0.0,0.0,0.0,0.0,0.0,0.0,0.0,0.0,0.0,0.8527021919879064
65,DD7,DD,0,0,0,10700.0,0.0,0.0,0.0,0.0,0.0,0.0,0,,,0.0,0.0,0.0,0.0,0.0,0.0,0.0,0.0,0.0,0.0,0.0,0.0,0.0,0.0,,,,,10700.0,0.0,1.6411564625850323,0.0,19.59953703703704,26.648055853350485,-13.880462962962964,0.0,0.0,0.0,0.0,0.0,0.0,0.0,0.0,0.0,0.0,0.0,0.1578035060177915
66,DD7,DD,1,20210412,8,7100.0,1950.0,3.0,285.7142857142857,0.0035,6.0,325.0,1,8225.0,0.2370820668693009,8.0,20.0276295133438,25.64348508634223,0.8836911691590897,6.0,2190.361843659817,2190.361843659817,156.66666666666666,129.83333333333334,3.2257231404958677,0.981746544771755,0.5949764521193093,0.6,0.24911990396931638,1.0,1.0,1.0,NE,7100.0,6.0,4.762660619803476,3.1215041572184443,32.912621359223294,31.259790673455772,-0.8835706580366764,0.0,0.0,0.0,0.0,0.0,0.0,0.0,0.0,0.0,0.0,0.0,0.6707972703948557
67,DD7,DD,2,20210419,15,8000.0,3600.0,3.0,180.0,0.0055555555555555,8.0,450.0,1,8225.0,0.4376899696048632,7.0,19.959968602825747,34.71004709576138,0.7187158056923657,8.0,3815.519375975002,1625.1575323151847,203.75,128.5,3.990378833433554,0.9784298334718504,0.8053375196232339,0.8,0.433956527907625,1.0,1.0,1.0,NE,900.0,2.0,2.1766817838246384,-2.585978835978838,28.628472222222214,27.917537524491014,-4.839814814814813,0.0,0.0,0.0,0.0,0.0,0.0,0.0,0.0,0.0,0.0,0.0,0.2720852229780798
68,DD7,DD,3,20210426,22,8000.0,4725.0,3.0,181.8181818181818,0.0055,9.0,525.0,1,8225.0,0.574468085106383,7.0,20.0276295133438,38.22841444270016,0.6349849601444383,9.0,4910.801013778778,1095.281637803776,225.77777777777777,131.44444444444446,4.518413597733711,0.981746544771755,0.8869701726844585,0.9,0.558527934782173,1.0,1.0,1.0,NE,0.0,1.0,3.5340589569160983,1.3573771730914599,27.39166666666667,27.917537524491014,-5.95537037037037,0.0,0.0,0.0,0.0,0.0,0.0,0.0,0.0,0.0,0.0,0.0,0.4417573696145123
69,DD7,DD,4,20210502,28,7900.0,5637.5,3.0,123.07692307692308,0.008125,9.0,626.3888888888889,1,8225.0,0.6854103343465046,6.0,20.230612244897962,43.1,0.5207723175337651,9.0,5792.638034965708,881.8370211869312,256.3333333333333,133.44444444444446,4.725844930417495,0.9916966786714688,1.0,0.9,0.6588233059193973,1.0,1.0,1.0,NE,-100.0,0.0,4.916477702191986,1.3824187452758876,34.68133528265107,33.26741886177299,-0.4237865497076019,0.0,0.0,0.0,0.0,0.0,0.0,0.0,0.0,0.0,0.0,0.0,0.6223389496445553
70,DD7,DD,5,20210508,34,9500.0,6487.5,3.0,98.24561403508773,0.0101785714285714,10.0,648.75,1,8225.0,0.7887537993920972,6.0,20.230612244897962,43.1,0.5330233560096376,10.0,6694.824260872568,902.1862259068589,274.8,131.4,5.046637554585153,0.9916966786714688,1.0,1.0,0.7614330854911705,1.0,1.0,1.0,NE,1600.0,1.0,5.602229780801207,0.6857520786092213,28.979861111111106,31.49902806358176,-4.350138888888888,0.0,0.0,0.0,0.0,0.0,0.0,0.0,0.0,0.0,0.0,0.0,0.5897083979790745
71,DD7,DD,6,20210517,43,7900.0,7525.0,3.0,63.49206349206349,0.01575,10.0,752.5,1,8225.0,0.9148936170212766,9.0,20.43359497645212,43.1,0.48642594621741314,10.0,7764.853657228622,1070.0293963560548,300.8,141.3,5.353980865899141,1.0016468125711824,1.0,1.0,0.8831324390642626,1.0,1.0,1.0,NE,-1600.0,0.0,6.423847316704459,0.8216175359032523,33.764921652421656,32.28306286261805,-0.65048433048433,0.0,0.0,0.0,0.0,0.0,0.0,0.0,0.0,0.0,0.0,0.0,0.8131452299625898
72,DD7,DD,7,20210524,50,7500.0,7687.5,3.0,49.23076923076923,0.0203125,10.0,768.75,1,8225.0,0.9346504559270516,7.0,20.501255886970174,43.1,0.48395502028426735,10.0,7865.702393061079,101.3156917112945,304.2,142.8,5.376512340700113,1.004963523871087,1.0,1.0,0.894602428581625,1.0,1.0,1.0,NE,-400.0,0.0,6.23771730914588,-0.186130007558579,34.10364758698091,33.90583801922582,-0.5141189674523002,0.0,0.0,0.0,0.0,0.0,0.0,0.0,0.0,0.0,0.0,0.0,0.8316956412194506
73,DD7,DD,8,20210531,57,7200.0,7862.5,3.0,61.53846153846154,0.01625,10.0,786.25,1,8225.0,0.9559270516717324,7.0,20.501255886970174,43.1,0.4781742246971358,10.0,8023.295424169913,166.3873668269386,310.0,143.4,5.4231199105859815,1.004963523871087,1.0,1.0,0.9125262071982523,1.0,1.0,1.0,NE,-300.0,0.0,6.565381708238849,0.32766439909296885,34.143217450579414,33.64682905237631,-0.361295160190865,0.0,0.0,0.0,0.0,0.0,0.0,0.0,0.0,0.0,0.0,0.0,0.9118585705887292
74,DD7,DD,9,20210608,65,5600.0,8137.5,3.0,36.36363636363637,0.0275,10.0,813.75,1,8225.0,0.9893617021276596,8.0,20.43359497645212,43.1,0.47032151200880107,10.0,8357.196345531574,333.90092136166163,317.8,146.8,5.498586683417085,1.0016468125711824,1.0,1.0,0.9505022912437531,1.0,1.0,1.0,NE,-1600.0,0.0,7.16912320483749,0.6037414965986407,34.95641592920354,34.09548935995523,-0.0897148475909527,0.0,0.0,0.0,0.0,0.0,0.0,0.0,0.0,0.0,0.0,0.0,1.2802005722924088
75,DD7,DD,10,20210615,72,6300.0,8175.0,3.0,36.36363636363637,0.0275,10.0,817.5,1,8225.0,0.993920972644377,7.0,20.501255886970174,43.1,0.4714285714285714,10.0,8365.5832393554,12.909956650212166,318.2,147.5,5.5,1.004963523871087,1.0,1.0,0.9514561711654838,1.0,1.0,1.0,NE,700.0,0.0,6.29081632653061,-0.8783068783068799,34.66795735129068,33.59013667146878,-0.3868125701459028,0.0,0.0,0.0,0.0,0.0,0.0,0.0,0.0,0.0,0.0,0.0,0.998542274052478
76,DD7,DD,11,20210623,80,6200.0,8125.0,3.0,36.36363636363637,0.0275,10.0,812.5,1,8225.0,0.9878419452887538,8.0,20.568916797488228,43.1,0.47315541601255895,10.0,8344.071222937191,0.0,318.0,146.8,5.5,1.0082802351709916,1.0,1.0,0.9490095108203893,1.0,1.0,1.0,NE,-100.0,0.0,5.097127739984881,-1.1936885865457292,31.79513888888889,33.5911316973227,-1.6976851851851833,0.0,0.0,0.0,0.0,0.0,0.0,0.0,0.0,0.0,0.0,0.0,0.8221173774169162
77,DD7,DD,12,20210706,87,5200.0,8150.0,3.0,36.36363636363637,0.0275,10.0,815.0,1,8225.0,0.9908814589665652,7.0,16.57692307692308,43.1,0.3725274725274726,10.0,6651.012812240464,0.0,316.8,113.2,5.5,0.8125942684766216,1.0,1.0,0.756450208389116,1.0,1.0,1.0,NE,-1000.0,0.0,4.768896447467874,-0.3282312925170068,33.37766554433222,33.5911316973227,-0.4558136924803582,0.0,0.0,0.0,0.0,0.0,0.0,0.0,0.0,0.0,0.0,0.0,0.9170954706668988
78,SH2,SH,0,0,0,10700.0,0.0,0.0,0.0,0.0,0.0,0.0,0,,,0.0,0.0,0.0,0.0,0.0,0.0,0.0,0.0,0.0,0.0,0.0,0.0,0.0,0.0,,,,,10700.0,0.0,2.341458805744518,0.0,29.837333333333348,25.42837252475248,-4.072166666666665,0.0,0.0,0.0,0.0,0.0,0.0,0.0,0.0,0.0,0.0,0.0,0.2251402697831267
79,SH2,SH,1,20210412,8,4500.0,1425.0,8.0,0.0,0.0,6.0,237.5,3,8075.0,0.1764705882352941,8.0,19.824646781789642,22.19277864992151,1.0438699343767317,6.0,1672.2193601039019,1672.2193601039019,131.83333333333334,121.33333333333333,7.7426608369768894,0.9717964108720414,0.5149136577708007,0.6,0.19018918157771506,0.0,1.0,3.0,SE,4500.0,6.0,5.881632653061223,3.5401738473167046,27.676388888888884,30.699884185916183,-5.657896825396825,0.0,0.0,0.0,0.0,0.0,0.0,0.0,0.0,0.0,0.0,0.0,1.3070294784580494
80,SH2,SH,2,20210419,15,4500.0,2562.5,8.0,0.0,0.0,9.0,284.72222222222223,3,8075.0,0.3173374613003096,7.0,20.0276295133438,25.37284144427002,0.9898948710506418,11.0,2873.394688431103,1201.1753283272012,351.6388888888889,106.16666666666666,6.515829463908823,0.981746544771755,0.5886970172684459,0.9,0.3268043638177407,0.0,1.0,3.0,SE,0.0,3.0,1.722978080120936,-4.158654572940287,32.50977777777778,27.054035383597885,-1.5119222222222215,0.0,0.0,0.0,0.0,0.0,0.0,0.0,0.0,0.0,0.0,0.0,0.3828840178046525
81,SH2,SH,3,20210426,22,3600.0,3050.0,8.0,0.0,0.0,9.0,338.8888888888889,3,8075.0,0.3777089783281733,7.0,20.16295133437991,40.39356357927787,0.9574168550083653,13.0,3374.420034428457,501.0253459973536,354.7083333333333,96.02777777777777,6.550813743218807,0.9883799673715642,0.9372056514913658,0.9,0.38378827560489254,0.0,1.0,3.0,SE,-900.0,0.0,3.8613151927437626,2.1383371126228266,24.09938271604938,28.85167091550425,-9.230617283950616,0.0,0.0,0.0,0.0,0.0,0.0,0.0,0.0,0.0,0.0,0.0,1.072587553539934
82,SH2,SH,4,20210502,28,6100.0,3450.0,8.0,200.0,0.005,10.0,345.0,3,8075.0,0.4272445820433436,6.0,20.095290423861854,42.55871271585558,0.7837315431523955,13.0,4029.8338123661506,655.4137779376938,360.73333333333335,99.91666666666666,5.739105988192296,0.9850632560716596,0.9874411302982732,1.0,0.4583314922394512,0.0,1.0,3.0,SE,2500.0,1.0,4.247354497354496,0.3860393046107333,33.85126705653021,33.141574615551214,-0.4582992202729037,0.0,0.0,0.0,0.0,0.0,0.0,0.0,0.0,0.0,0.0,0.0,0.6962876225171305
83,SH2,SH,5,20210508,34,6600.0,4825.0,8.0,200.0,0.005,10.0,482.5,3,8075.0,0.5975232198142415,6.0,19.959968602825747,43.1,0.5792006112318839,12.0,5227.122419701852,1197.2886073357013,341.5,103.0,5.141838019303399,0.9784298334718504,1.0,1.0,0.594504619865094,0.0,1.0,3.0,SE,500.0,0.0,3.088057445200301,-1.1592970521541948,25.125694444444445,29.595194535432512,-8.204305555555553,0.0,0.0,0.0,0.0,0.0,0.0,0.0,0.0,0.0,0.0,0.0,0.4678874916970153
84,SH2,SH,6,20210517,43,6400.0,6612.5,8.0,141.1764705882353,0.0070833333333333,10.0,661.25,3,8075.0,0.8188854489164087,9.0,19.959968602825747,43.1,0.4536353111678097,10.0,7039.863453344147,1812.741033642295,305.5,128.7,5.472857142857143,0.9784298334718504,1.0,1.0,0.8006759762231186,0.0,1.0,3.0,SE,-200.0,0.0,2.8442932728647,-0.243764172335601,33.79298540965207,32.56566538423932,-0.7759708193041523,0.0,0.0,0.0,0.0,0.0,0.0,0.0,0.0,0.0,0.0,0.0,0.4444208238851093
85,SH2,SH,7,20210524,50,7900.0,7187.5,8.0,114.28571428571428,0.00875,10.0,718.75,3,8075.0,0.8900928792569659,7.0,19.959968602825747,43.1,0.4530238290742493,10.0,7402.4592712602525,370.49744386584507,311.0,133.7,5.515701436010731,0.9784298334718504,1.0,1.0,0.8419156625335804,0.0,1.0,3.0,SE,1500.0,0.0,2.050075585789869,-0.794217687074831,35.63695545766029,34.168498691040234,0.0660548213411667,0.0,0.0,0.0,0.0,0.0,0.0,0.0,0.0,0.0,0.0,0.0,0.2595032387075784
86,SH2,SH,8,20210531,57,9300.0,7712.5,8.0,75.0,0.0133333333333333,10.0,771.25,3,8075.0,0.955108359133127,7.0,19.959968602825747,43.1,0.4608047016274865,10.0,7908.383075986586,505.92380472633363,313.7,141.0,5.501963864886096,0.9784298334718504,1.0,1.0,0.899456698510826,0.0,1.0,3.0,SE,1400.0,0.0,2.150793650793649,0.10071806500377978,29.694444444444446,30.951520249874843,-3.6837499999999994,0.0,0.0,0.0,0.0,0.0,0.0,0.0,0.0,0.0,0.0,0.0,0.2312681344939407
87,SH2,SH,9,20210608,65,7100.0,8012.5,8.0,125.0,0.008,10.0,801.25,3,8075.0,0.9922600619195048,8.0,20.095290423861854,43.1,0.4605965463108321,10.0,8124.281499966733,232.9789375482112,315.9,143.7,5.5,0.9850632560716596,1.0,1.0,0.9240118170200097,0.0,1.0,3.0,SE,-2200.0,0.0,3.2622826908541174,1.1114890400604684,33.57166105499437,34.13982020302152,-1.0558249158249151,0.0,0.0,0.0,0.0,0.0,0.0,0.0,0.0,0.0,0.0,0.0,0.4594764353315658
88,SH2,SH,10,20210615,72,9500.0,8075.0,8.0,87.5,0.0114285714285714,10.0,807.5,3,8075.0,1.0,7.0,20.0276295133438,43.1,0.4598116169544742,10.0,8139.182886100222,25.42162740376898,316.2,144.8,5.5,0.981746544771755,1.0,1.0,0.925706620046884,0.0,1.0,3.0,SE,2400.0,0.0,2.881330309901737,-0.3809523809523805,34.56767676767678,34.13982020302152,-0.6345679012345661,0.0,0.0,0.0,0.0,0.0,0.0,0.0,0.0,0.0,0.0,0.0,0.3032979273580776
89,SH2,SH,11,20210623,80,12400.0,8050.0,8.0,162.5,0.0061538461538461,10.0,805.0,3,8075.0,0.9969040247678018,8.0,20.095290423861854,43.1,0.4610675039246468,10.0,8123.370478203118,3.9141889843727995,315.9,144.1,5.5,0.9850632560716596,1.0,1.0,0.9239082023341885,0.0,1.0,3.0,SE,2900.0,0.0,2.848639455782312,-0.03269085411942507,33.487766554433215,34.4506537892476,-0.5478002244668907,0.0,0.0,0.0,0.0,0.0,0.0,0.0,0.0,0.0,0.0,0.0,0.2297289883695412
90,SH2,SH,12,20210706,87,10000.0,8062.5,8.0,187.5,0.0053333333333333,10.0,806.25,3,8075.0,0.9984520123839008,7.0,19.959968602825747,43.1,0.4572998430141288,10.0,8045.55823239331,0.0,316.0,143.3,5.5,0.9784298334718504,1.0,1.0,0.9150582585407069,0.0,1.0,3.0,SE,-2400.0,0.0,1.815948601662886,-1.0326908541194257,35.21254480286738,35.55187189706231,-0.1186093189964146,0.0,0.0,0.0,0.0,0.0,0.0,0.0,0.0,0.0,0.0,0.0,0.1815948601662886
91,SH3,SH,0,0,0,10700.0,0.0,0.0,0.0,0.0,0.0,0.0,0,,,0.0,0.0,0.0,0.0,0.0,0.0,0.0,0.0,0.0,0.0,0.0,0.0,0.0,0.0,,,,,10700.0,0.0,2.530801209372639,0.0,31.370089786756456,31.87377000393092,-3.025342312008979,0.0,0.0,0.0,0.0,0.0,0.0,0.0,0.0,0.0,0.0,0.0,0.2433462701319845
92,SH3,SH,1,20210412,8,4600.0,1637.5,6.0,0.0,0.0,8.0,204.6875,2,8237.5,0.1987860394537177,8.0,19.824646781789642,20.16295133437991,1.0595258237368559,8.0,1885.2794248205264,1885.2794248205264,119.0,109.625,5.949023861171367,0.9717964108720414,0.467817896389325,0.8,0.21442148046273218,0.0,1.0,3.0,SE,4600.0,8.0,4.929402872260015,2.398601662887376,27.485823754789287,31.810634540936988,-5.8441762452107255,0.0,0.0,0.0,0.0,0.0,0.0,0.0,0.0,0.0,0.0,0.0,1.071609320056525
93,SH3,SH,2,20210419,15,5000.0,2825.0,6.0,0.0,0.0,9.0,313.8888888888889,2,8237.5,0.3429438543247344,7.0,20.298273155416016,25.846467817896393,1.0506605973134173,12.0,3146.266307628233,1262.2733004739155,338.05555555555554,102.22222222222223,7.112458193979933,0.9950133899713735,0.5996860282574569,0.9,0.3578393052668479,0.0,1.0,3.0,SE,400.0,1.0,0.7184429327286481,-4.210959939531367,33.74788053949904,29.92372956487404,-0.6595118818240203,0.0,0.0,0.0,0.0,0.0,0.0,0.0,0.0,0.0,0.0,0.0,0.1436885865457296
94,SH3,SH,3,20210426,22,4500.0,3737.5,6.0,0.0,0.0,10.0,373.75,2,8237.5,0.4537177541729894,7.0,20.365934065934066,43.1,0.9221818221286533,12.0,4093.2894539011127,948.0440400079851,380.95,95.75,6.553426096088212,0.9983301012712779,1.0,1.0,0.465548593546826,0.0,1.0,3.0,SE,-500.0,1.0,1.7012244897959192,0.9827815570672711,28.182098765432094,29.92372956487404,-5.147901234567899,0.0,0.0,0.0,0.0,0.0,0.0,0.0,0.0,0.0,0.0,0.0,0.3780498866213154
95,SH3,SH,4,20210502,28,6300.0,4625.0,6.0,133.33333333333334,0.0075,10.0,462.5,2,8237.5,0.5614567526555387,6.0,20.095290423861854,43.1,0.6453238571158197,11.0,4967.105821169189,873.8163672680761,385.15,98.9,5.765308254963427,0.9850632560716596,1.0,1.0,0.5649317389073734,0.0,1.0,3.0,SE,1800.0,0.0,2.550642479213909,0.8494179894179896,29.737037037037044,31.78920932749421,-3.647361111111109,0.0,0.0,0.0,0.0,0.0,0.0,0.0,0.0,0.0,0.0,0.0,0.4048638855895093
96,SH3,SH,5,20210508,34,8000.0,5712.5,6.0,163.63636363636363,0.0061111111111111,10.0,571.25,2,8237.5,0.6934749620637329,6.0,20.095290423861854,43.1,0.5342057345794834,11.0,6081.583007992234,1114.577902796912,333.55,83.6,5.67357155187295,0.9850632560716596,1.0,1.0,0.6916863436595508,0.0,1.0,3.0,SE,1700.0,0.0,3.612622826908543,1.0619803476946341,28.49328703703704,31.52191909492821,-4.836712962962962,0.0,0.0,0.0,0.0,0.0,0.0,0.0,0.0,0.0,0.0,0.0,0.4515778533635678
97,SH3,SH,6,20210517,43,7600.0,7437.5,6.0,141.93548387096774,0.0070454545454545,10.0,743.75,2,8237.5,0.9028831562974204,9.0,20.0276295133438,43.1,0.46206751926686085,10.0,7677.935771781484,1596.3527637892503,308.7,138.2,5.488132911392405,0.981746544771755,1.0,1.0,0.8732468690893822,0.0,1.0,3.0,SE,-400.0,0.0,3.9041950113378703,0.2915721844293273,34.45327004219409,32.43215063261692,-0.5857383966244718,0.0,0.0,0.0,0.0,0.0,0.0,0.0,0.0,0.0,0.0,0.0,0.5137098699128777
98,SH3,SH,7,20210524,50,7900.0,7587.5,6.0,103.2258064516129,0.0096875,10.0,758.75,2,8237.5,0.921092564491654,7.0,20.095290423861854,43.1,0.46391570725951486,10.0,7788.888150992316,112.06025492336698,311.0,141.0,5.519955654101995,0.9850632560716596,1.0,1.0,0.8858659923334148,0.0,1.0,3.0,SE,300.0,0.0,3.65079365079365,-0.25340136054422047,35.42035886818496,34.136162873970406,-0.0754727398205649,0.0,0.0,0.0,0.0,0.0,0.0,0.0,0.0,0.0,0.0,0.0,0.4621257785814747
99,SH3,SH,8,20210531,57,10300.0,7837.5,6.0,101.58730158730158,0.00984375,10.0,783.75,2,8237.5,0.9514415781487102,7.0,20.16295133437991,43.1,0.46335988505658643,10.0,7930.536012238493,144.26647656671673,313.5,142.5,5.504579911560328,0.9883799673715642,1.0,1.0,0.9019762536097644,0.0,1.0,3.0,SE,2400.0,0.0,4.572751322751324,0.9219576719576739,33.03849607182941,33.52116955826368,-1.2842648709315367,0.0,0.0,0.0,0.0,0.0,0.0,0.0,0.0,0.0,0.0,0.0,0.4439564391020703
100,SH3,SH,9,20210608,65,8500.0,8237.5,6.0,135.3846153846154,0.0073863636363636,10.0,823.75,2,8237.5,1.0,8.0,20.501255886970174,43.1,0.46936101302933214,10.0,8355.90077186774,425.3647596292474,318.8,147.5,5.501414204902577,1.004963523871087,1.0,1.0,0.9503549397056253,0.0,1.0,3.0,SE,-1800.0,0.0,6.454270597127739,1.8815192743764158,34.29278012189403,33.727881632930355,-0.2070886075949362,0.0,0.0,0.0,0.0,0.0,0.0,0.0,0.0,0.0,0.0,0.0,0.7593259526032634
101,SH3,SH,10,20210615,72,10400.0,8212.5,6.0,125.0,0.008,10.0,821.25,2,8237.5,0.9969650986342944,7.0,20.43359497645212,43.1,0.4658193833430747,10.0,8299.353330540285,0.0,319.1,147.1,5.503221750746503,1.0016468125711824,1.0,1.0,0.9439235397093269,0.0,1.0,3.0,SE,1900.0,0.0,5.924225245653819,-0.5300453514739205,34.54012345679012,34.11350516783757,-0.5023007856341185,0.0,0.0,0.0,0.0,0.0,0.0,0.0,0.0,0.0,0.0,0.0,0.5696370428513288
102,SH3,SH,11,20210623,80,8700.0,8187.5,6.0,126.984126984127,0.007875,10.0,818.75,2,8237.5,0.9939301972685888,8.0,20.43359497645212,43.1,0.4685469110028044,10.0,8285.907748029053,7.100476157616981,318.9,147.6,5.502201950298836,1.0016468125711824,1.0,1.0,0.9423943119090411,0.0,1.0,3.0,SE,-1700.0,0.0,5.212773998488284,-0.7114512471655345,34.05884418901661,34.10897147279132,-0.4675798212005103,0.0,0.0,0.0,0.0,0.0,0.0,0.0,0.0,0.0,0.0,0.0,0.5991694251135959
103,SH3,SH,12,20210706,87,10100.0,8187.5,6.0,187.5,0.0053333333333333,10.0,818.75,2,8237.5,0.9939301972685888,7.0,20.43359497645212,43.1,0.46405787651947994,10.0,8210.563043578984,0.0,319.2,146.4,5.501652242328875,1.0016468125711824,1.0,1.0,0.9338250129178591,0.0,1.0,3.0,SE,1400.0,0.0,4.8826530612244925,-0.3301209372637919,34.40050505050505,34.10897147279132,-0.133625140291807,0.0,0.0,0.0,0.0,0.0,0.0,0.0,0.0,0.0,0.0,0.0,0.4834309961608408
104,SH4,SH,0,0,0,10700.0,0.0,0.0,0.0,0.0,0.0,0.0,0,,,0.0,0.0,0.0,0.0,0.0,0.0,0.0,0.0,0.0,0.0,0.0,0.0,0.0,0.0,,,,,10700.0,0.0,2.675359032501889,0.0,29.53372222222223,28.55845620204196,-4.5179,0.0,0.0,0.0,0.0,0.0,0.0,0.0,0.0,0.0,0.0,0.0,0.2572460608174893
105,SH4,SH,1,20210412,8,4200.0,1487.5,2.0,213.33333333333331,0.0046875,6.0,247.91666666666663,1,7925.0,0.1876971608832807,8.0,20.095290423861854,22.328100470957615,1.0985909244818002,6.0,1630.8846088291618,1630.8846088291618,114.16666666666667,121.83333333333333,3.0032829940906107,0.9850632560716596,0.5180533751962324,0.6,0.18548799063158658,1.0,1.0,1.0,NE,4200.0,6.0,6.367659707561186,3.6923006750592973,32.16294498381877,31.30750553852322,-1.3809816612729229,0.0,0.0,0.0,0.0,0.0,0.0,0.0,0.0,0.0,0.0,0.0,1.5161094541812348
106,SH4,SH,2,20210419,15,4800.0,2412.5,2.0,181.8181818181818,0.0055,9.0,268.05555555555554,1,7925.0,0.3044164037854889,7.0,20.16295133437991,42.55871271585558,0.9080528948926564,11.0,2842.0308185691865,1211.1462097400247,371.6111111111111,78.80555555555556,4.447858777378228,0.9883799673715642,0.9874411302982732,0.9,0.32323720697070046,1.0,1.0,1.0,NE,600.0,3.0,2.1700680272108843,-4.1975916803503015,32.61560044893378,31.773713283629952,-1.0989898989898983,0.0,0.0,0.0,0.0,0.0,0.0,0.0,0.0,0.0,0.0,0.0,0.4520975056689342
107,SH4,SH,3,20210426,22,4500.0,3212.5,2.0,121.7391304347826,0.0082142857142857,9.0,356.94444444444446,1,7925.0,0.4053627760252365,7.0,20.365934065934066,42.62637362637363,0.7526101651295384,10.0,3522.499984005679,681.114663269003,386.1666666666667,78.33333333333334,4.121324503311258,0.9983301012712779,0.989010989010989,0.9,0.4006300878037486,1.0,1.0,1.0,NE,-300.0,0.0,3.1795162509448214,1.009448223733937,29.456018518518515,31.773713283629952,-3.874351851851852,0.0,0.0,0.0,0.0,0.0,0.0,0.0,0.0,0.0,0.0,0.0,0.706559166876627
108,SH4,SH,4,20210502,28,6100.0,4150.0,2.0,160.0,0.00625,10.0,415.0,1,7925.0,0.5236593059936908,6.0,20.16295133437991,43.1,0.6525634055551116,12.0,4555.772627899127,1085.1001684455941,348.05,91.25,5.437071444370714,0.9883799673715642,1.0,1.0,0.5181489272438842,1.0,1.0,1.0,NE,1600.0,1.0,4.726757369614512,1.547241118669691,34.26135752688172,33.016273710764445,-0.2900448028673832,0.0,0.0,0.0,0.0,0.0,0.0,0.0,0.0,0.0,0.0,0.0,0.7748782573138544
109,SH4,SH,5,20210508,34,7600.0,5237.5,2.0,193.1034482758621,0.0051785714285714,10.0,523.75,1,7925.0,0.6608832807570978,6.0,20.095290423861854,43.1,0.5024302120175452,11.0,5635.1090958402465,1079.3364679411195,394.15,99.1,5.4640625,0.9850632560716596,1.0,1.0,0.6409068167781546,1.0,1.0,1.0,NE,1500.0,0.0,6.002645502645503,1.2758881330309908,28.993981481481484,32.030328924162255,-4.336018518518517,0.0,0.0,0.0,0.0,0.0,0.0,0.0,0.0,0.0,0.0,0.0,0.789821776663882
110,SH4,SH,6,20210517,43,7500.0,6400.0,2.0,112.5,0.0088888888888888,10.0,640.0,1,7925.0,0.807570977917981,9.0,20.43359497645212,43.1,0.4740856035465143,10.0,6832.901283045282,1197.7921872050358,293.9,128.1,5.637355479563589,1.0016468125711824,1.0,1.0,0.7771372188532463,1.0,1.0,1.0,NE,-100.0,0.0,7.47108843537415,1.4684429327286468,34.31541062801932,33.26364038942018,-0.312028985507246,0.0,0.0,0.0,0.0,0.0,0.0,0.0,0.0,0.0,0.0,0.0,0.9961451247165534
111,SH4,SH,7,20210524,50,6700.0,6825.0,2.0,110.76923076923076,0.0090277777777777,10.0,682.5,1,7925.0,0.861198738170347,7.0,20.365934065934066,43.1,0.47505500201359396,10.0,7078.419359339922,252.57735046294846,298.1,131.7,5.498701298701299,0.9983301012712779,1.0,1.0,0.8050611163436516,1.0,1.0,1.0,NE,-800.0,0.0,7.658730158730157,0.18764172335600726,35.62773315484161,34.16579828602712,0.0190316822846955,0.0,0.0,0.0,0.0,0.0,0.0,0.0,0.0,0.0,0.0,0.0,1.1430940535418146
112,SH4,SH,8,20210531,57,7600.0,7212.5,2.0,73.84615384615384,0.0135416666666666,10.0,721.25,1,7925.0,0.9100946372239748,7.0,20.43359497645212,43.1,0.47413381561321905,10.0,7369.740313749944,303.7639551813961,303.1,135.2,5.397286821705426,1.0016468125711824,1.0,1.0,0.8381943853498413,1.0,1.0,1.0,NE,900.0,0.0,8.10506424792139,0.4463340891912333,32.800224466891144,32.162616428387814,-1.387777777777777,0.0,0.0,0.0,0.0,0.0,0.0,0.0,0.0,0.0,0.0,0.0,1.0664558220949198
113,SH4,SH,11,20210623,80,4300.0,7650.0,2.0,62.5,0.016,10.0,765.0,1,7925.0,0.9652996845425869,8.0,20.43359497645212,43.1,0.46580832725054744,10.0,8046.446364162864,0.0,316.1,142.3,5.49363307656029,1.0016468125711824,1.0,1.0,0.9151592698424621,1.0,1.0,1.0,NE,-4700.0,0.0,7.796485260770975,-0.30857898715041543,33.63922222222223,32.84630749755409,-0.6711888888888882,0.0,0.0,0.0,0.0,0.0,0.0,0.0,0.0,0.0,0.0,0.0,1.8131361071560408
114,SH4,SH,12,20210706,87,4100.0,7825.0,2.0,86.15384615384616,0.0116071428571428,10.0,782.5,1,7925.0,0.9873817034700316,7.0,16.306279434850865,43.1,0.3667189952904239,10.0,6500.639285258364,0.0,317.1,110.7,5.5,0.7993274232770032,1.0,1.0,0.739347537106861,1.0,1.0,1.0,NE,-200.0,0.0,5.774943310657595,-2.02154195011338,33.367845117845114,33.730549207676965,-0.598967452300785,0.0,0.0,0.0,0.0,0.0,0.0,0.0,0.0,0.0,0.0,0.0,1.4085227586969744
115,SH5,SH,0,0,0,10700.0,0.0,0.0,0.0,0.0,0.0,0.0,0,,,0.0,0.0,0.0,0.0,0.0,0.0,0.0,0.0,0.0,0.0,0.0,0.0,0.0,0.0,,,,,10700.0,0.0,2.437641723356008,0.0,31.858709677419352,29.53160451703924,-2.497290322580644,0.0,0.0,0.0,0.0,0.0,0.0,0.0,0.0,0.0,0.0,0.0,0.23438862724577
116,SH5,SH,1,20210412,8,4900.0,1500.0,10.0,0.0,0.0,5.0,300.0,3,8187.5,0.183206106870229,8.0,19.824646781789642,24.62857142857143,0.88600773665431,5.0,1625.6336441916465,1625.6336441916465,149.6,120.6,8.306270627062707,0.9717964108720414,0.5714285714285714,0.5,0.1848907743268785,0.0,1.0,3.0,SE,4900.0,5.0,6.328495842781555,3.890854119425547,29.7787037037037,31.294296294580192,-3.9800740740740737,0.0,0.0,0.0,0.0,0.0,0.0,0.0,0.0,0.0,0.0,0.0,1.2915297638329704
117,SH5,SH,2,20210419,15,5600.0,2600.0,10.0,177.77777777777777,0.005625,9.0,288.8888888888889,3,8187.5,0.3175572519083969,7.0,19.959968602825747,27.876295133437992,0.8535700385876038,11.0,2997.783494155543,1372.149849963896,369.55555555555554,74.83333333333334,5.254483925549915,0.9784298334718504,0.6467817896389325,0.9,0.34095167350843264,0.0,1.0,3.0,SE,700.0,4.0,3.111678004535147,-3.216817838246408,34.05829945799459,30.361041429212168,-0.8152371273712732,0.0,0.0,0.0,0.0,0.0,0.0,0.0,0.0,0.0,0.0,0.0,0.5556567865241334
118,SH5,SH,3,20210426,22,5100.0,3800.0,10.0,133.33333333333334,0.0075,10.0,380.0,3,8187.5,0.4641221374045801,7.0,20.095290423861854,38.160753532182106,0.7666772702193944,13.0,3970.67691171578,972.8934175602377,390.9666666666667,78.95,5.485228758169935,0.9850632560716596,0.8854003139717426,1.0,0.4516033064596447,0.0,1.0,3.0,SE,-500.0,1.0,4.3587301587301575,1.2470521541950106,25.38162393162393,30.361041429212168,-7.948376068376065,0.0,0.0,0.0,0.0,0.0,0.0,0.0,0.0,0.0,0.0,0.0,0.8546529723000308
119,SH5,SH,4,20210502,28,6200.0,4387.5,10.0,130.2325581395349,0.0076785714285714,10.0,438.75,3,8187.5,0.5358778625954198,6.0,20.0276295133438,40.258241758241766,0.7761746602684032,14.0,4758.925903186298,862.1974062828854,381.825,91.05,5.658863691782493,0.981746544771755,0.9340659340659342,1.0,0.5412544815051974,0.0,1.0,3.0,SE,1100.0,0.0,6.261526832955404,1.9027966742252467,34.27098765432099,33.59164926872848,-0.7401010101010096,0.0,0.0,0.0,0.0,0.0,0.0,0.0,0.0,0.0,0.0,0.0,1.0099236827347426
120,SH5,SH,5,20210508,34,6800.0,5350.0,10.0,160.0,0.00625,10.0,535.0,3,8187.5,0.6534351145038167,6.0,20.230612244897962,42.55871271585558,0.5971766706778595,11.0,5627.266983875064,868.3410806887667,388.45,90.55,5.376561570493753,0.9916966786714688,0.9874411302982732,1.0,0.6400148973971913,0.0,1.0,3.0,SE,600.0,0.0,7.55744520030234,1.2959183673469354,25.52569444444444,30.486473053376205,-7.804305555555554,0.0,0.0,0.0,0.0,0.0,0.0,0.0,0.0,0.0,0.0,0.0,1.1113890000444615
121,SH5,SH,6,20210517,43,6300.0,6887.5,10.0,66.66666666666667,0.015,10.0,688.75,3,8187.5,0.8412213740458016,9.0,20.095290423861854,43.1,0.5084547656579127,10.0,7083.629121988128,1456.3621381130638,306.6,126.2,5.565805237035769,0.9850632560716596,1.0,1.0,0.8056536465570411,0.0,1.0,3.0,SE,-500.0,0.0,8.881519274376416,1.3240740740740762,34.493554131054154,34.036563030176765,-0.5212678062678046,0.0,0.0,0.0,0.0,0.0,0.0,0.0,0.0,0.0,0.0,0.0,1.4097649641867327
122,SH5,SH,7,20210524,50,7300.0,7237.5,10.0,126.984126984127,0.007875,10.0,723.75,3,8187.5,0.8839694656488549,7.0,20.16295133437991,43.1,0.49357717680260366,10.0,7415.1677959627295,331.53867397460203,347.2,136.0,5.594364788262754,0.9883799673715642,1.0,1.0,0.8433610613669453,0.0,1.0,3.0,SE,1000.0,0.0,8.664965986394556,-0.2165532879818599,36.25913043478261,35.50454648813323,0.4830676328502438,0.0,0.0,0.0,0.0,0.0,0.0,0.0,0.0,0.0,0.0,0.0,1.186981641971857
123,SH5,SH,8,20210531,57,7100.0,7712.5,10.0,98.46153846153848,0.01015625,10.0,771.25,3,8187.5,0.9419847328244276,7.0,19.892307692307696,43.1,0.47495786235101606,10.0,7762.326601884326,347.1588059215961,336.7,150.9,5.424619864121643,0.975113122171946,1.0,1.0,0.8828450254633918,0.0,1.0,3.0,SE,-200.0,0.0,9.069349962207106,0.40438397581255003,35.320747295968545,35.17444900088558,-0.224960668633233,0.0,0.0,0.0,0.0,0.0,0.0,0.0,0.0,0.0,0.0,0.0,1.277373234113677
124,SH5,SH,9,20210608,65,6400.0,8150.0,10.0,73.84615384615384,0.0135416666666666,10.0,815.0,3,8187.5,0.9954198473282444,8.0,20.298273155416016,43.1,0.4620094191522764,10.0,8256.970217537566,494.6436156532409,332.3,151.5,5.5,0.9950133899713735,1.0,1.0,0.939103113772982,0.0,1.0,3.0,SE,-700.0,0.0,10.676114890400603,1.6067649281934973,35.863275613275626,35.36006037779004,0.4603703703703721,0.0,0.0,0.0,0.0,0.0,0.0,0.0,0.0,0.0,0.0,0.0,1.6681429516250943
125,SH5,SH,10,20210615,72,9400.0,8162.5,10.0,147.69230769230768,0.0067708333333333,10.0,816.25,3,8187.5,0.9969465648854962,7.0,20.0276295133438,43.1,0.46261504237130513,10.0,8294.651725760226,38.322428056357694,317.5,145.8,5.499057492931197,0.981746544771755,1.0,1.0,0.9433888046221994,0.0,1.0,3.0,SE,3000.0,0.0,10.095049130763414,-0.5810657596371893,35.87958595387842,34.74770032614863,0.1976153039832304,0.0,0.0,0.0,0.0,0.0,0.0,0.0,0.0,0.0,0.0,0.0,1.073941396889725
126,SH5,SH,11,20210623,80,11100.0,8162.5,10.0,135.3846153846154,0.0073863636363636,10.0,816.25,3,8187.5,0.9969465648854962,8.0,20.0276295133438,43.1,0.4600934949135086,10.0,8246.468288262537,0.0,317.8,146.0,5.4957573852922685,0.981746544771755,1.0,1.0,0.937908681163566,0.0,1.0,3.0,SE,1700.0,0.0,9.352985638699923,-0.7420634920634903,34.369476372924645,35.12171349104399,-0.3917943805874831,0.0,0.0,0.0,0.0,0.0,0.0,0.0,0.0,0.0,0.0,0.0,0.842611318801795
127,SH5,SH,12,20210706,87,8600.0,8150.0,10.0,145.45454545454547,0.006875,10.0,815.0,3,8187.5,0.9954198473282444,7.0,16.035635792778653,43.1,0.367817896389325,10.0,6694.425974975912,0.0,317.3,113.9,5.5,0.7860605780773849,1.0,1.0,0.7613877866084245,0.0,1.0,3.0,SE,-2500.0,0.0,9.202380952380947,-0.15060468631897628,35.0146435452794,35.12171349104399,-0.1664290301862546,0.0,0.0,0.0,0.0,0.0,0.0,0.0,0.0,0.0,0.0,0.0,1.0700442967884825
128,SH6,SH,0,0,0,10700.0,0.0,0.0,0.0,0.0,0.0,0.0,0,,,0.0,0.0,0.0,0.0,0.0,0.0,0.0,0.0,0.0,0.0,0.0,0.0,0.0,0.0,,,,,10700.0,0.0,2.7321541950113386,0.0,29.94983333333333,31.000245110763693,-4.080022222222222,0.0,0.0,0.0,0.0,0.0,0.0,0.0,0.0,0.0,0.0,0.0,0.2627071341357056
129,SH6,SH,1,20210412,8,5200.0,1650.0,10.0,0.0,0.0,6.0,275.0,3,7700.0,0.2142857142857142,8.0,19.959968602825747,23.681318681318682,0.907409749418498,6.0,1793.3852546646003,1793.3852546646003,130.83333333333334,116.5,7.856004553215708,0.9784298334718504,0.5494505494505495,0.6,0.20396993479193398,0.0,1.0,3.0,SE,5200.0,6.0,6.310802335118444,3.5786481401071053,31.979454926624737,32.60692980635255,-1.5395807127882588,0.0,0.0,0.0,0.0,0.0,0.0,0.0,0.0,0.0,0.0,0.0,1.2136158336766238
130,SH6,SH,2,20210419,15,4500.0,2850.0,10.0,0.0,0.0,10.0,285.0,3,7700.0,0.3701298701298701,7.0,19.892307692307696,27.40266875981162,0.8975224889477221,13.0,3143.2356724146016,1349.9419777262437,366.5666666666667,91.33333333333334,6.287198515769944,0.975113122171946,0.6357927786499216,1.0,0.3574946172165281,0.0,1.0,3.0,SE,-700.0,4.0,2.0736961451247176,-4.237106189993726,33.69994499449945,31.134129576098392,-1.2946754675467538,0.0,0.0,0.0,0.0,0.0,0.0,0.0,0.0,0.0,0.0,0.0,0.4608213655832706
131,SH6,SH,3,20210426,22,3900.0,3337.5,10.0,0.0,0.0,10.0,333.75,3,7700.0,0.4334415584415584,7.0,20.16295133437991,43.1,0.780426088924286,13.0,3674.4712325732144,532.7829237571135,371.26666666666665,79.43333333333334,6.518712162905889,0.9883799673715642,1.0,1.0,0.4179144752938008,0.0,1.0,3.0,SE,-600.0,0.0,2.9102947845805,0.8365986394557825,25.395333333333333,32.859781029404736,-7.934666666666667,0.0,0.0,0.0,0.0,0.0,0.0,0.0,0.0,0.0,0.0,0.0,0.7462294319437179
132,SH6,SH,4,20210502,28,5300.0,3662.5,10.0,145.45454545454547,0.006875,10.0,366.25,3,7700.0,0.4756493506493506,6.0,20.16295133437991,43.1,0.6950356513257971,14.0,4019.2220111196284,344.75077854641415,359.35,79.1,5.25922182920667,0.9883799673715642,1.0,1.0,0.45712456338651886,0.0,1.0,3.0,SE,1400.0,0.0,3.306122448979592,0.3958276643990919,35.30892742453435,32.91904870654496,0.1375465639049472,0.0,0.0,0.0,0.0,0.0,0.0,0.0,0.0,0.0,0.0,0.0,0.6237966884867154
133,SH6,SH,5,20210508,34,6400.0,4462.5,10.0,171.42857142857142,0.0058333333333333,10.0,446.25,3,7700.0,0.5795454545454546,6.0,20.16295133437991,43.1,0.6028385931041376,14.0,4803.428629639033,789.7276850868354,351.5,81.525,5.031042603296939,0.9883799673715642,1.0,1.0,0.5463159808060408,0.0,1.0,3.0,SE,1100.0,0.0,3.5551776266061985,0.24905517762660656,29.402083333333334,32.91904870654496,-4.062129629629628,0.0,0.0,0.0,0.0,0.0,0.0,0.0,0.0,0.0,0.0,0.0,0.5554965041572185
134,SH6,SH,6,20210517,43,5500.0,5837.5,10.0,130.2325581395349,0.0076785714285714,10.0,583.75,3,7700.0,0.7581168831168831,9.0,20.230612244897962,43.1,0.4581926179750499,10.0,6161.702565203356,1358.2739355643237,286.3,117.4,5.453878748370274,0.9916966786714688,1.0,1.0,0.700798708566871,0.0,1.0,3.0,SE,-900.0,0.0,3.194444444444445,-0.36073318216175343,30.745138888888885,32.7268625986993,-3.318101851851849,0.0,0.0,0.0,0.0,0.0,0.0,0.0,0.0,0.0,0.0,0.0,0.580808080808081
135,SH6,SH,7,20210524,50,6900.0,6087.5,10.0,133.33333333333334,0.0075,10.0,608.75,3,7700.0,0.7905844155844156,7.0,20.0276295133438,43.1,0.45355086300090647,10.0,6421.302565844116,263.05638974391843,293.3,120.7,5.533495145631068,0.981746544771755,1.0,1.0,0.7303242079345931,0.0,1.0,3.0,SE,1400.0,0.0,2.820861678004535,-0.37358276643991006,36.3063043478261,35.13832441991432,0.3545458937198093,0.0,0.0,0.0,0.0,0.0,0.0,0.0,0.0,0.0,0.0,0.0,0.4088205330441355
136,SH6,SH,8,20210531,57,6300.0,6275.0,10.0,83.33333333333333,0.012,10.0,627.5,3,7700.0,0.814935064935065,7.0,19.824646781789642,43.1,0.4593207774372545,10.0,6578.387439084801,163.32010762281027,293.2,123.1,5.54866828087167,0.9717964108720414,1.0,1.0,0.7481901914249581,0.0,1.0,3.0,SE,-600.0,0.0,2.899281934996221,0.07842025699168609,34.69601395117086,33.983714357271786,-0.3143497757847522,0.0,0.0,0.0,0.0,0.0,0.0,0.0,0.0,0.0,0.0,0.0,0.4602034817454319
137,SH6,SH,9,20210608,65,8000.0,7350.0,10.0,123.07692307692308,0.008125,10.0,735.0,3,7700.0,0.9545454545454546,8.0,20.095290423861854,43.1,0.4608917927335008,10.0,7590.816454386611,1012.4290153018101,303.7,136.8,5.501027667984189,0.9850632560716596,1.0,1.0,0.8633383893347222,0.0,1.0,3.0,SE,1700.0,0.0,5.05328798185941,2.1540060468631888,35.281801994301986,32.03479056810233,-0.0192521367521359,0.0,0.0,0.0,0.0,0.0,0.0,0.0,0.0,0.0,0.0,0.0,0.6316609977324262
138,SH6,SH,10,20210615,72,9100.0,7512.5,10.0,123.07692307692308,0.008125,10.0,751.25,3,7700.0,0.9756493506493508,7.0,19.959968602825747,43.1,0.4573534540399722,10.0,7710.60894930367,129.5756783785847,306.1,137.9,5.494946304485155,0.9784298334718504,1.0,1.0,0.8769629395049895,0.0,1.0,3.0,SE,1100.0,0.0,4.266061980347695,-0.7872260015117147,36.323091787439616,35.125152833844254,0.2949758454106309,0.0,0.0,0.0,0.0,0.0,0.0,0.0,0.0,0.0,0.0,0.0,0.468798019818428
139,SH6,SH,11,20210623,80,10400.0,7625.0,10.0,200.0,0.005,10.0,762.5,3,7700.0,0.9902597402597404,8.0,19.824646781789642,43.1,0.4549648490627197,10.0,7658.0077429522735,0.0,306.1,137.5,5.492890995260663,0.9717964108720414,1.0,1.0,0.8709803629216453,0.0,1.0,3.0,SE,1300.0,0.0,3.0678382464096754,-1.1982237339380197,33.31261111111112,34.410316830613425,-0.7515111111111102,0.0,0.0,0.0,0.0,0.0,0.0,0.0,0.0,0.0,0.0,0.0,0.2949844467701611
140,SH6,SH,12,20210706,87,7700.0,7437.5,10.0,146.9387755102041,0.0068055555555555,10.0,743.75,3,7700.0,0.9659090909090908,7.0,15.967974882260599,43.1,0.35714285714285715,10.0,6298.845675618396,0.0,311.6,107.5,5.5,0.7827438667774804,1.0,1.0,0.7163966238590597,0.0,1.0,3.0,SE,-2700.0,0.0,2.849962207105065,-0.2178760393046102,35.155651340996165,34.97815132076567,-0.0719412515964228,0.0,0.0,0.0,0.0,0.0,0.0,0.0,0.0,0.0,0.0,0.0,0.3701249619616968
141,SH7,SH,0,0,0,10700.0,0.0,0.0,0.0,0.0,0.0,0.0,0,,,0.0,0.0,0.0,0.0,0.0,0.0,0.0,0.0,0.0,0.0,0.0,0.0,0.0,0.0,,,,,10700.0,0.0,2.1082766439909317,0.0,30.449833333333327,20.87723148148148,-3.6884777777777775,0.0,0.0,0.0,0.0,0.0,0.0,0.0,0.0,0.0,0.0,0.0,0.2027189080760511
142,SH7,SH,1,20210412,8,7200.0,2000.0,9.0,0.0,0.0,7.0,285.7142857142857,3,8162.5,0.2450229709035222,8.0,19.75698587127159,26.320094191522767,0.8519644896005262,7.0,2323.8700230180234,2323.8700230180234,163.85714285714286,118.42857142857143,7.391807658058771,0.9684796995721368,0.6106750392464679,0.7,0.26430440187184656,0.0,1.0,3.0,SE,7200.0,7.0,6.450296247531273,4.342019603540341,32.26558791801511,31.27037414160421,-1.311521035598704,0.0,0.0,0.0,0.0,0.0,0.0,0.0,0.0,0.0,0.0,0.0,0.8958744788237878
143,SH7,SH,2,20210419,15,8200.0,4150.0,9.0,200.0,0.005,10.0,415.0,3,8162.5,0.5084226646248086,7.0,19.75698587127159,43.1,0.6505173607415727,10.0,4354.212496198577,2030.342473180554,280.9,111.6,6.047912388774812,0.9684796995721368,1.0,1.0,0.4952245685135546,0.0,1.0,3.0,SE,1000.0,3.0,3.862433862433864,-2.5878623850974085,28.66689814814815,30.149437643728795,-4.6631018518518506,0.0,0.0,0.0,0.0,0.0,0.0,0.0,0.0,0.0,0.0,0.0,0.4710285198090078
144,SH7,SH,3,20210426,22,7600.0,5200.0,9.0,47.05882352941177,0.02125,10.0,520.0,3,8162.5,0.6370597243491577,7.0,19.959968602825747,43.1,0.5118700129242696,10.0,5547.976044448937,1193.7635482503592,299.8,119.5,5.880730525531122,0.9784298334718504,1.0,1.0,0.630996774993055,0.0,1.0,3.0,SE,-600.0,0.0,5.348828420256993,1.4863945578231288,28.87731481481481,29.473560236060237,-4.46486111111111,0.0,0.0,0.0,0.0,0.0,0.0,0.0,0.0,0.0,0.0,0.0,0.7037932131917096
145,SH7,SH,4,20210502,28,9500.0,6487.5,9.0,152.38095238095238,0.0065625,10.0,648.75,3,8162.5,0.7947932618683001,6.0,20.0276295133438,43.1,0.4777190619894184,10.0,6734.199628655715,1186.223584206778,302.5,129.5,5.617193970515157,0.981746544771755,1.0,1.0,0.7659114267612614,0.0,1.0,3.0,SE,1900.0,0.0,7.149281934996222,1.800453514739229,33.17216610549944,32.419885794163,-0.7208866442199766,0.0,0.0,0.0,0.0,0.0,0.0,0.0,0.0,0.0,0.0,0.0,0.752555993157497
146,SH7,SH,5,20210508,34,12100.0,7637.5,9.0,165.0793650793651,0.0060576923076923,10.0,763.75,3,8162.5,0.9356814701378254,6.0,20.0276295133438,43.1,0.4599562116349639,10.0,7711.515393068473,981.0147874529607,309.6,139.7,5.509735634003483,0.981746544771755,1.0,1.0,0.8770660335139977,0.0,1.0,3.0,SE,2600.0,0.0,9.09939531368103,1.9501133786848088,28.08125,31.378809007612883,-5.248749999999997,0.0,0.0,0.0,0.0,0.0,0.0,0.0,0.0,0.0,0.0,0.0,0.7520161416265314
147,SH7,SH,6,20210517,43,12800.0,8000.0,9.0,135.3846153846154,0.0073863636363636,10.0,800.0,3,8162.5,0.9800918836140888,9.0,20.298273155416016,43.1,0.461470595709195,10.0,8058.8435849461175,347.3281918776445,316.7,143.7,5.491880813495192,0.9950133899713735,1.0,1.0,0.9165692626525315,0.0,1.0,3.0,SE,700.0,0.0,11.741496598639452,2.6421012849584216,34.375568942436416,33.63437051428631,-0.4960575635876837,0.0,0.0,0.0,0.0,0.0,0.0,0.0,0.0,0.0,0.0,0.0,0.9173044217687072
148,SH7,SH,7,20210524,50,12400.0,8000.0,9.0,160.0,0.00625,10.0,800.0,3,8162.5,0.9800918836140888,7.0,20.43359497645212,43.1,0.464482285469572,10.0,8065.358077255781,20.491122683102958,316.6,144.1,5.498262792166772,1.0016468125711824,1.0,1.0,0.917310185757675,0.0,1.0,3.0,SE,-400.0,0.0,11.382086167800454,-0.3594104308389987,35.00256410256413,33.064174049055005,-0.5179700854700834,0.0,0.0,0.0,0.0,0.0,0.0,0.0,0.0,0.0,0.0,0.0,0.9179101748226172
149,SH7,SH,8,20210531,57,11900.0,8062.5,9.0,133.33333333333334,0.0075,10.0,806.25,3,8162.5,0.987748851454824,7.0,20.365934065934066,43.1,0.46350091150024353,10.0,8112.1772711074545,53.63125608412656,324.7,149.2,5.496224040276903,0.9983301012712779,1.0,1.0,0.9226351475259832,0.0,1.0,3.0,SE,-500.0,0.0,11.459183673469392,0.07709750566893803,33.69569023569023,33.064174049055005,-0.7780875420875415,0.0,0.0,0.0,0.0,0.0,0.0,0.0,0.0,0.0,0.0,0.0,0.9629566112159152
150,SH7,SH,9,20210608,65,8700.0,8162.5,9.0,96.96969696969695,0.0103125,10.0,816.25,3,8162.5,1.0,8.0,20.365934065934066,43.1,0.4636200954745665,10.0,8194.118871845807,83.94218621925313,317.9,144.9,5.495678139242496,0.9983301012712779,1.0,1.0,0.931954741804946,0.0,1.0,3.0,SE,-3200.0,0.0,14.20162509448224,2.742441421012849,33.67407407407408,33.86794667814714,-0.2090347923681251,0.0,0.0,0.0,0.0,0.0,0.0,0.0,0.0,0.0,0.0,0.0,1.6323707005152
151,SH7,SH,10,20210615,72,11700.0,8162.5,9.0,147.69230769230768,0.0067708333333333,10.0,816.25,3,8162.5,1.0,7.0,20.501255886970174,43.1,0.4674452898492988,10.0,8202.43709568745,19.9417628256474,325.8,150.7,5.495750708215297,1.004963523871087,1.0,1.0,0.9329008115744791,0.0,1.0,3.0,SE,3000.0,0.0,12.73053665910809,-1.471088435374151,35.76299489144316,34.29583801555652,0.1096296296296311,0.0,0.0,0.0,0.0,0.0,0.0,0.0,0.0,0.0,0.0,0.0,1.0880800563340247
152,SH7,SH,11,20210623,80,12400.0,8125.0,9.0,206.0606060606061,0.0048529411764705,10.0,812.5,3,8162.5,0.9954058192955588,8.0,20.43359497645212,43.1,0.46549039992456975,10.0,8180.709913325072,5.988022446268474,317.7,154.2,5.501336688158515,1.0016468125711824,1.0,1.0,0.9304296794191657,0.0,1.0,3.0,SE,700.0,0.0,11.350907029478458,-1.3796296296296315,32.58425925925926,33.65914743973588,-1.124074074074073,0.0,0.0,0.0,0.0,0.0,0.0,0.0,0.0,0.0,0.0,0.0,0.9153957281837466
153,SH7,SH,12,20210706,87,10300.0,8100.0,9.0,135.3846153846154,0.0073863636363636,10.0,810.0,3,8162.5,0.9923430321592648,7.0,20.230612244897962,43.1,0.42159354485127903,10.0,7466.940384529131,0.0,316.8,130.9,5.494808055380743,0.9916966786714688,1.0,1.0,0.8492493954471055,0.0,1.0,3.0,SE,-2100.0,0.0,10.319916855631142,-1.0309901738473162,33.52916666666666,34.28701892086246,-0.4163425925925921,0.0,0.0,0.0,0.0,0.0,0.0,0.0,0.0,0.0,0.0,0.0,1.0019336753039942
